medicine_id,name,category,manufacturer,dosage,price,expiry_date,stock_quantity
MED_0001,Medicine_1,Vitamin,MediCare,485mg,57.97,2026-11-26,208
MED_0002,Medicine_2,Antiseptic,MediCare,464mg,24.22,2027-08-30,433
MED_0003,Medicine_3,Antiviral,MediCare,169mg,72.63,2026-12-08,212
MED_0004,Medicine_4,Antiseptic,MediCare,20mg,81.39,2026-02-05,490
MED_0005,Medicine_5,Antiseptic,WellLife,147mg,38.51,2028-05-27,902
MED_0006,Medicine_6,Analgesic,WellLife,466mg,87.15,2028-04-02,238
MED_0007,Medicine_7,Antiviral,BioMed,87mg,91.55,2026-01-06,464
MED_0008,Medicine_8,Antiviral,HealthPlus,86mg,34.92,2026-12-06,388
MED_0009,Medicine_9,Antiviral,MediCare,450mg,98.52,2028-10-24,656
MED_0010,Medicine_10,Antiseptic,BioMed,263mg,22.66,2026-05-13,230
MED_0011,Medicine_11,Vitamin,HealthPlus,418mg,28.18,2026-06-24,337
MED_0012,Medicine_12,Antiviral,PharmaCorp,267mg,26.58,2026-01-02,883
MED_0013,Medicine_13,Antiseptic,WellLife,329mg,90.46,2026-11-28,236
MED_0014,Medicine_14,Analgesic,HealthPlus,300mg,68.89,2027-12-21,933
MED_0015,Medicine_15,Vitamin,PharmaCorp,272mg,23.69,2026-04-24,187
MED_0016,Medicine_16,Analgesic,HealthPlus,94mg,49.63,2028-09-13,179
MED_0017,Medicine_17,Vitamin,WellLife,155mg,65.38,2027-12-01,243
MED_0018,Medicine_18,Antiseptic,WellLife,332mg,17.51,2026-02-01,365
MED_0019,Medicine_19,Antibiotic,BioMed,51mg,89.42,2026-09-19,834
MED_0020,Medicine_20,Vitamin,MediCare,383mg,82.32,2028-06-25,913
MED_0021,Medicine_21,Analgesic,HealthPlus,134mg,55.47,2028-02-04,193
MED_0022,Medicine_22,Antiseptic,HealthPlus,176mg,97.04,2026-09-16,65
MED_0023,Medicine_23,Vitamin,PharmaCorp,434mg,47.6,2026-06-15,351
MED_0024,Medicine_24,Antibiotic,WellLife,250mg,98.57,2026-01-24,472
MED_0025,Medicine_25,Antibiotic,HealthPlus,468mg,70.11,2028-06-27,294
MED_0026,Medicine_26,Antiviral,WellLife,496mg,67.12,2028-07-14,976
MED_0027,Medicine_27,Antiviral,HealthPlus,289mg,24.94,2026-10-21,156
MED_0028,Medicine_28,Analgesic,BioMed,197mg,89.37,2026-10-28,137
MED_0029,Medicine_29,Vitamin,MediCare,311mg,48.47,2027-08-25,178
MED_0030,Medicine_30,Vitamin,HealthPlus,28mg,24.6,2026-08-26,956
MED_0031,Medicine_31,Antiviral,WellLife,77mg,11.13,2026-10-09,936
MED_0032,Medicine_32,Vitamin,BioMed,227mg,60.38,2027-07-06,390
MED_0033,Medicine_33,Vitamin,HealthPlus,111mg,57.47,2027-04-12,53
MED_0034,Medicine_34,Antibiotic,PharmaCorp,51mg,74.74,2026-12-16,376
MED_0035,Medicine_35,Antiviral,MediCare,297mg,90.12,2028-04-12,459
MED_0036,Medicine_36,Antiseptic,HealthPlus,176mg,17.15,2028-03-06,928
MED_0037,Medicine_37,Antiviral,BioMed,118mg,75.83,2028-09-04,355
MED_0038,Medicine_38,Antiseptic,PharmaCorp,45mg,26.87,2027-07-20,957
MED_0039,Medicine_39,Antibiotic,BioMed,241mg,87.24,2027-10-16,656
MED_0040,Medicine_40,Analgesic,BioMed,238mg,83.72,2027-04-02,770
MED_0041,Medicine_41,Vitamin,PharmaCorp,362mg,58.67,2027-03-29,274
MED_0042,Medicine_42,Antibiotic,BioMed,173mg,73.92,2027-11-15,397
MED_0043,Medicine_43,Vitamin,PharmaCorp,396mg,38.29,2027-04-17,370
MED_0044,Medicine_44,Analgesic,HealthPlus,82mg,52.41,2026-12-19,608
MED_0045,Medicine_45,Analgesic,PharmaCorp,145mg,83.95,2026-09-15,230
MED_0046,Medicine_46,Antibiotic,PharmaCorp,362mg,51.33,2028-01-29,667
MED_0047,Medicine_47,Analgesic,MediCare,388mg,42.2,2028-04-07,760
MED_0048,Medicine_48,Antiseptic,PharmaCorp,79mg,54.48,2027-05-27,435
MED_0049,Medicine_49,Analgesic,PharmaCorp,434mg,84.54,2027-09-04,667
MED_0050,Medicine_50,Vitamin,HealthPlus,496mg,40.17,2027-06-15,841
MED_0051,Medicine_51,Vitamin,MediCare,205mg,25.64,2028-03-26,821
MED_0052,Medicine_52,Vitamin,WellLife,278mg,74.08,2028-01-03,157
MED_0053,Medicine_53,Vitamin,HealthPlus,58mg,84.34,2027-02-12,580
MED_0054,Medicine_54,Antiseptic,HealthPlus,325mg,19.06,2026-11-22,459
MED_0055,Medicine_55,Antiviral,WellLife,139mg,31.59,2026-03-27,345
MED_0056,Medicine_56,Antibiotic,PharmaCorp,453mg,22.78,2027-12-06,867
MED_0057,Medicine_57,Vitamin,BioMed,14mg,41.31,2027-10-05,220
MED_0058,Medicine_58,Analgesic,MediCare,437mg,50.53,2027-01-18,380
MED_0059,Medicine_59,Vitamin,BioMed,36mg,77.39,2026-02-24,542
MED_0060,Medicine_60,Analgesic,WellLife,169mg,68.6,2026-01-26,244
MED_0061,Medicine_61,Analgesic,HealthPlus,158mg,65.88,2027-04-20,61
MED_0062,Medicine_62,Vitamin,HealthPlus,273mg,41.71,2028-01-05,244
MED_0063,Medicine_63,Antiseptic,MediCare,239mg,85.73,2026-08-07,539
MED_0064,Medicine_64,Analgesic,HealthPlus,209mg,52.42,2026-04-08,844
MED_0065,Medicine_65,Analgesic,HealthPlus,59mg,98.12,2028-04-17,930
MED_0066,Medicine_66,Vitamin,MediCare,76mg,67.07,2028-02-24,231
MED_0067,Medicine_67,Analgesic,MediCare,309mg,21.36,2026-02-20,866
MED_0068,Medicine_68,Analgesic,WellLife,390mg,70.86,2028-08-08,705
MED_0069,Medicine_69,Vitamin,HealthPlus,67mg,39.26,2028-02-25,947
MED_0070,Medicine_70,Vitamin,HealthPlus,268mg,71.77,2028-09-16,365
MED_0071,Medicine_71,Antibiotic,WellLife,351mg,16.27,2028-07-25,743
MED_0072,Medicine_72,Antiseptic,PharmaCorp,335mg,25.74,2028-06-15,79
MED_0073,Medicine_73,Antiseptic,PharmaCorp,139mg,87.02,2026-03-25,645
MED_0074,Medicine_74,Analgesic,PharmaCorp,224mg,30.45,2028-10-21,727
MED_0075,Medicine_75,Antiseptic,WellLife,181mg,85.33,2028-08-28,845
MED_0076,Medicine_76,Analgesic,HealthPlus,267mg,35.13,2028-06-06,842
MED_0077,Medicine_77,Antibiotic,WellLife,111mg,67.86,2027-08-31,145
MED_0078,Medicine_78,Vitamin,WellLife,218mg,72.47,2027-11-08,430
MED_0079,Medicine_79,Vitamin,PharmaCorp,300mg,56.14,2028-04-02,827
MED_0080,Medicine_80,Vitamin,BioMed,363mg,37.48,2025-12-15,493
MED_0081,Medicine_81,Antiseptic,HealthPlus,480mg,29.14,2026-07-24,347
MED_0082,Medicine_82,Antibiotic,PharmaCorp,295mg,12.99,2027-02-22,857
MED_0083,Medicine_83,Antiseptic,BioMed,125mg,37.36,2028-07-14,786
MED_0084,Medicine_84,Antiseptic,BioMed,273mg,68.78,2027-08-07,894
MED_0085,Medicine_85,Antibiotic,MediCare,159mg,94.45,2026-09-23,410
MED_0086,Medicine_86,Antibiotic,HealthPlus,309mg,88.41,2028-02-05,423
MED_0087,Medicine_87,Antibiotic,BioMed,451mg,78.95,2028-07-15,603
MED_0088,Medicine_88,Antibiotic,PharmaCorp,45mg,80.96,2026-02-01,352
MED_0089,Medicine_89,Vitamin,MediCare,462mg,69.85,2026-06-08,470
MED_0090,Medicine_90,Antiviral,HealthPlus,342mg,33.43,2026-04-13,295
MED_0091,Medicine_91,Antiviral,WellLife,486mg,91.65,2026-09-03,769
MED_0092,Medicine_92,Antibiotic,PharmaCorp,296mg,70.37,2026-10-02,286
MED_0093,Medicine_93,Antiviral,BioMed,312mg,60.44,2027-12-10,583
MED_0094,Medicine_94,Antiviral,BioMed,320mg,19.99,2026-08-28,234
MED_0095,Medicine_95,Antibiotic,PharmaCorp,217mg,50.23,2026-01-24,517
MED_0096,Medicine_96,Antiviral,BioMed,115mg,51.43,2026-01-15,803
MED_0097,Medicine_97,Antiseptic,MediCare,455mg,87.81,2026-04-26,412
MED_0098,Medicine_98,Analgesic,HealthPlus,167mg,59.2,2027-05-22,332
MED_0099,Medicine_99,Analgesic,MediCare,130mg,44.24,2027-06-14,602
MED_0100,Medicine_100,Antibiotic,BioMed,64mg,97.91,2027-08-08,385
MED_0101,Medicine_101,Vitamin,WellLife,409mg,19.96,2026-10-04,211
MED_0102,Medicine_102,Antibiotic,HealthPlus,21mg,48.03,2028-02-09,209
MED_0103,Medicine_103,Vitamin,HealthPlus,154mg,13.78,2028-03-21,523
MED_0104,Medicine_104,Analgesic,PharmaCorp,409mg,76.59,2026-03-01,650
MED_0105,Medicine_105,Antibiotic,PharmaCorp,405mg,92.63,2028-04-23,371
MED_0106,Medicine_106,Antiseptic,WellLife,145mg,35.2,2028-03-02,61
MED_0107,Medicine_107,Antiviral,HealthPlus,477mg,87.25,2026-04-10,473
MED_0108,Medicine_108,Vitamin,WellLife,12mg,36.3,2028-09-19,122
MED_0109,Medicine_109,Antiviral,PharmaCorp,153mg,91.97,2028-08-31,637
MED_0110,Medicine_110,Antiviral,PharmaCorp,39mg,77.86,2026-03-13,907
MED_0111,Medicine_111,Antibiotic,HealthPlus,246mg,82.44,2027-05-25,250
MED_0112,Medicine_112,Antiviral,MediCare,288mg,11.62,2028-10-22,571
MED_0113,Medicine_113,Antiseptic,BioMed,357mg,96.65,2027-09-17,913
MED_0114,Medicine_114,Antiviral,PharmaCorp,124mg,75.4,2027-01-23,554
MED_0115,Medicine_115,Antibiotic,PharmaCorp,113mg,37.43,2027-08-16,787
MED_0116,Medicine_116,Antiseptic,MediCare,127mg,84.65,2026-08-12,737
MED_0117,Medicine_117,Analgesic,MediCare,14mg,35.34,2026-02-19,837
MED_0118,Medicine_118,Antiviral,WellLife,477mg,88.55,2027-03-04,88
MED_0119,Medicine_119,Antibiotic,WellLife,369mg,20.13,2026-02-08,109
MED_0120,Medicine_120,Analgesic,BioMed,257mg,73.33,2027-03-10,627
MED_0121,Medicine_121,Analgesic,BioMed,373mg,58.66,2027-01-12,370
MED_0122,Medicine_122,Vitamin,HealthPlus,330mg,18.69,2028-02-27,484
MED_0123,Medicine_123,Antiseptic,WellLife,130mg,31.77,2028-05-07,685
MED_0124,Medicine_124,Antiviral,PharmaCorp,295mg,11.12,2027-11-20,725
MED_0125,Medicine_125,Antibiotic,WellLife,158mg,52.19,2027-02-24,457
MED_0126,Medicine_126,Vitamin,PharmaCorp,93mg,37.11,2027-09-08,972
MED_0127,Medicine_127,Antiseptic,MediCare,463mg,63.85,2027-09-27,435
MED_0128,Medicine_128,Vitamin,WellLife,415mg,36.75,2027-04-03,720
MED_0129,Medicine_129,Antiseptic,MediCare,475mg,36.99,2027-07-14,618
MED_0130,Medicine_130,Antiseptic,BioMed,465mg,76.89,2027-02-17,127
MED_0131,Medicine_131,Antiviral,BioMed,240mg,14.33,2027-03-24,243
MED_0132,Medicine_132,Antiseptic,HealthPlus,297mg,91.26,2027-09-01,334
MED_0133,Medicine_133,Vitamin,WellLife,170mg,86.7,2027-08-06,576
MED_0134,Medicine_134,Antiseptic,MediCare,281mg,70.1,2028-10-01,573
MED_0135,Medicine_135,Antiviral,PharmaCorp,469mg,63.39,2027-09-17,662
MED_0136,Medicine_136,Antiviral,BioMed,47mg,90.31,2027-12-22,205
MED_0137,Medicine_137,Vitamin,BioMed,235mg,26.68,2026-09-09,389
MED_0138,Medicine_138,Analgesic,PharmaCorp,151mg,17.11,2027-11-15,174
MED_0139,Medicine_139,Analgesic,MediCare,301mg,31.56,2027-08-24,920
MED_0140,Medicine_140,Antiseptic,MediCare,490mg,81.51,2026-07-17,329
MED_0141,Medicine_141,Antibiotic,WellLife,160mg,13.12,2027-01-14,966
MED_0142,Medicine_142,Antiseptic,WellLife,123mg,62.45,2028-06-19,955
MED_0143,Medicine_143,Vitamin,HealthPlus,246mg,99.59,2027-04-07,671
MED_0144,Medicine_144,Vitamin,BioMed,75mg,87.01,2028-07-25,895
MED_0145,Medicine_145,Vitamin,WellLife,370mg,56.93,2027-08-20,918
MED_0146,Medicine_146,Vitamin,MediCare,350mg,15.73,2028-09-09,707
MED_0147,Medicine_147,Vitamin,PharmaCorp,267mg,84.82,2026-03-19,777
MED_0148,Medicine_148,Antiviral,MediCare,484mg,63.91,2028-06-13,959
MED_0149,Medicine_149,Analgesic,BioMed,258mg,20.34,2027-09-29,723
MED_0150,Medicine_150,Vitamin,MediCare,466mg,18.45,2028-09-24,177
MED_0151,Medicine_151,Antibiotic,HealthPlus,458mg,91.87,2026-06-18,363
MED_0152,Medicine_152,Antibiotic,BioMed,340mg,70.23,2026-07-29,381
MED_0153,Medicine_153,Antibiotic,PharmaCorp,332mg,84.64,2027-12-22,199
MED_0154,Medicine_154,Antibiotic,HealthPlus,189mg,89.11,2026-04-20,503
MED_0155,Medicine_155,Antiviral,BioMed,199mg,61.46,2026-03-22,85
MED_0156,Medicine_156,Antibiotic,PharmaCorp,416mg,56.57,2027-01-10,734
MED_0157,Medicine_157,Vitamin,HealthPlus,163mg,48.74,2026-11-22,469
MED_0158,Medicine_158,Antiseptic,HealthPlus,205mg,38.53,2026-04-10,71
MED_0159,Medicine_159,Antibiotic,BioMed,475mg,49.11,2028-07-09,255
MED_0160,Medicine_160,Antiviral,WellLife,320mg,79.65,2025-12-13,688
MED_0161,Medicine_161,Antiviral,HealthPlus,271mg,64.17,2026-06-07,897
MED_0162,Medicine_162,Antibiotic,HealthPlus,428mg,90.33,2026-10-20,405
MED_0163,Medicine_163,Antiseptic,PharmaCorp,415mg,49.9,2026-05-18,489
MED_0164,Medicine_164,Antibiotic,MediCare,436mg,64.64,2028-08-22,778
MED_0165,Medicine_165,Antiviral,BioMed,152mg,66.82,2027-02-16,145
MED_0166,Medicine_166,Analgesic,BioMed,351mg,63.25,2028-06-27,978
MED_0167,Medicine_167,Vitamin,WellLife,325mg,73.24,2026-04-14,990
MED_0168,Medicine_168,Antiviral,WellLife,110mg,31.37,2027-12-22,213
MED_0169,Medicine_169,Antibiotic,BioMed,253mg,56.11,2028-06-11,197
MED_0170,Medicine_170,Vitamin,WellLife,499mg,19.38,2026-02-25,579
MED_0171,Medicine_171,Antibiotic,PharmaCorp,21mg,44.61,2026-07-21,343
MED_0172,Medicine_172,Antibiotic,BioMed,248mg,53.89,2026-06-17,244
MED_0173,Medicine_173,Analgesic,WellLife,58mg,68.7,2027-06-07,712
MED_0174,Medicine_174,Vitamin,BioMed,51mg,95.55,2026-07-27,529
MED_0175,Medicine_175,Vitamin,MediCare,175mg,64.06,2028-03-05,926
MED_0176,Medicine_176,Analgesic,HealthPlus,91mg,76.92,2028-06-06,172
MED_0177,Medicine_177,Antiviral,BioMed,438mg,55.56,2026-09-15,449
MED_0178,Medicine_178,Antibiotic,HealthPlus,300mg,67.07,2027-08-26,748
MED_0179,Medicine_179,Antiseptic,WellLife,167mg,16.38,2028-03-29,501
MED_0180,Medicine_180,Antibiotic,HealthPlus,225mg,32.9,2025-12-11,710
MED_0181,Medicine_181,Antibiotic,BioMed,499mg,42.57,2026-02-03,153
MED_0182,Medicine_182,Antiviral,MediCare,167mg,52.52,2026-09-25,804
MED_0183,Medicine_183,Antibiotic,WellLife,471mg,14.11,2028-09-20,511
MED_0184,Medicine_184,Analgesic,BioMed,143mg,22.6,2028-02-19,792
MED_0185,Medicine_185,Analgesic,WellLife,76mg,34.91,2028-02-23,767
MED_0186,Medicine_186,Vitamin,PharmaCorp,345mg,97.44,2026-06-05,759
MED_0187,Medicine_187,Antiseptic,HealthPlus,16mg,39.82,2027-05-07,445
MED_0188,Medicine_188,Antibiotic,PharmaCorp,445mg,53.38,2026-05-14,961
MED_0189,Medicine_189,Antibiotic,BioMed,23mg,27.65,2026-08-02,386
MED_0190,Medicine_190,Antiviral,MediCare,82mg,64.97,2027-05-19,648
MED_0191,Medicine_191,Analgesic,WellLife,408mg,35.26,2027-01-14,191
MED_0192,Medicine_192,Antiseptic,HealthPlus,414mg,28.63,2028-01-27,366
MED_0193,Medicine_193,Vitamin,WellLife,172mg,56.49,2025-12-19,760
MED_0194,Medicine_194,Analgesic,BioMed,75mg,10.5,2027-09-23,607
MED_0195,Medicine_195,Vitamin,WellLife,356mg,10.69,2027-08-18,849
MED_0196,Medicine_196,Antiviral,HealthPlus,139mg,29.72,2027-04-13,576
MED_0197,Medicine_197,Antiviral,BioMed,428mg,13.3,2026-10-26,605
MED_0198,Medicine_198,Antibiotic,WellLife,475mg,19.72,2027-01-23,450
MED_0199,Medicine_199,Antiseptic,MediCare,215mg,40.5,2027-04-07,730
MED_0200,Medicine_200,Vitamin,BioMed,285mg,82.23,2028-06-28,359
MED_0201,Medicine_201,Analgesic,BioMed,475mg,61.48,2027-08-16,544
MED_0202,Medicine_202,Antiviral,MediCare,265mg,56.14,2027-11-12,605
MED_0203,Medicine_203,Antibiotic,PharmaCorp,275mg,36.41,2026-10-29,659
MED_0204,Medicine_204,Antibiotic,HealthPlus,34mg,93.86,2027-09-14,822
MED_0205,Medicine_205,Vitamin,PharmaCorp,459mg,45.73,2028-07-13,158
MED_0206,Medicine_206,Antiviral,WellLife,290mg,17.84,2027-01-27,844
MED_0207,Medicine_207,Antiseptic,MediCare,262mg,65.54,2028-05-11,421
MED_0208,Medicine_208,Antiviral,PharmaCorp,319mg,20.25,2026-04-12,904
MED_0209,Medicine_209,Vitamin,BioMed,298mg,41.07,2028-06-23,665
MED_0210,Medicine_210,Vitamin,WellLife,173mg,55.67,2027-05-20,817
MED_0211,Medicine_211,Antiviral,WellLife,104mg,88.68,2026-01-20,940
MED_0212,Medicine_212,Vitamin,PharmaCorp,279mg,54.42,2027-09-13,255
MED_0213,Medicine_213,Antiviral,PharmaCorp,330mg,73.2,2027-02-02,896
MED_0214,Medicine_214,Analgesic,MediCare,119mg,99.35,2026-12-13,92
MED_0215,Medicine_215,Antiviral,HealthPlus,345mg,21.83,2027-06-07,914
MED_0216,Medicine_216,Antiviral,PharmaCorp,319mg,34.73,2026-06-06,294
MED_0217,Medicine_217,Vitamin,PharmaCorp,247mg,45.51,2027-05-12,336
MED_0218,Medicine_218,Vitamin,BioMed,390mg,47.96,2027-04-26,404
MED_0219,Medicine_219,Antibiotic,WellLife,445mg,46.99,2027-11-10,834
MED_0220,Medicine_220,Antibiotic,HealthPlus,396mg,91.68,2027-12-15,525
MED_0221,Medicine_221,Analgesic,BioMed,492mg,74.26,2026-05-28,132
MED_0222,Medicine_222,Antibiotic,MediCare,434mg,64.71,2026-09-12,159
MED_0223,Medicine_223,Antiviral,MediCare,399mg,37.84,2027-11-26,999
MED_0224,Medicine_224,Vitamin,PharmaCorp,34mg,84.14,2026-03-20,239
MED_0225,Medicine_225,Antibiotic,PharmaCorp,150mg,95.96,2028-02-27,849
MED_0226,Medicine_226,Antibiotic,MediCare,126mg,83.91,2027-10-10,985
MED_0227,Medicine_227,Analgesic,PharmaCorp,491mg,10.14,2026-02-14,958
MED_0228,Medicine_228,Analgesic,HealthPlus,401mg,67.28,2028-03-07,300
MED_0229,Medicine_229,Antiviral,PharmaCorp,414mg,14.6,2026-10-23,773
MED_0230,Medicine_230,Vitamin,WellLife,491mg,33.18,2027-06-04,340
MED_0231,Medicine_231,Analgesic,PharmaCorp,461mg,15.36,2026-10-25,694
MED_0232,Medicine_232,Antibiotic,BioMed,34mg,64.34,2027-05-10,250
MED_0233,Medicine_233,Vitamin,HealthPlus,88mg,71.79,2026-07-03,846
MED_0234,Medicine_234,Vitamin,BioMed,77mg,20.3,2027-08-21,375
MED_0235,Medicine_235,Antibiotic,BioMed,182mg,44.55,2026-10-13,560
MED_0236,Medicine_236,Analgesic,WellLife,453mg,51.06,2025-11-27,458
MED_0237,Medicine_237,Antibiotic,HealthPlus,21mg,43.21,2026-06-18,656
MED_0238,Medicine_238,Vitamin,HealthPlus,297mg,20.89,2026-01-03,839
MED_0239,Medicine_239,Antiseptic,HealthPlus,137mg,47.71,2026-01-22,990
MED_0240,Medicine_240,Antiseptic,HealthPlus,105mg,77.61,2028-07-02,886
MED_0241,Medicine_241,Antiviral,HealthPlus,101mg,16.39,2027-06-21,557
MED_0242,Medicine_242,Antibiotic,WellLife,150mg,17.22,2027-08-30,780
MED_0243,Medicine_243,Antibiotic,PharmaCorp,40mg,41.93,2028-03-16,650
MED_0244,Medicine_244,Antiviral,BioMed,343mg,94.76,2027-08-05,121
MED_0245,Medicine_245,Antiviral,HealthPlus,29mg,70.17,2026-02-28,296
MED_0246,Medicine_246,Antiviral,PharmaCorp,155mg,71.08,2028-05-10,690
MED_0247,Medicine_247,Vitamin,PharmaCorp,486mg,42.57,2027-06-08,773
MED_0248,Medicine_248,Antibiotic,BioMed,325mg,63.43,2028-05-17,989
MED_0249,Medicine_249,Vitamin,WellLife,456mg,10.91,2026-11-07,904
MED_0250,Medicine_250,Antiviral,MediCare,399mg,67.25,2027-09-26,657
MED_0251,Medicine_251,Antibiotic,MediCare,169mg,92.2,2026-10-07,636
MED_0252,Medicine_252,Vitamin,PharmaCorp,358mg,65.13,2027-11-13,984
MED_0253,Medicine_253,Vitamin,BioMed,52mg,88.63,2026-08-01,615
MED_0254,Medicine_254,Antiviral,MediCare,263mg,75.16,2026-10-04,393
MED_0255,Medicine_255,Antibiotic,PharmaCorp,139mg,20.85,2028-02-09,974
MED_0256,Medicine_256,Antiviral,WellLife,69mg,91.22,2027-03-24,103
MED_0257,Medicine_257,Antibiotic,MediCare,160mg,15.98,2026-01-07,779
MED_0258,Medicine_258,Antiseptic,PharmaCorp,476mg,58.06,2027-06-18,577
MED_0259,Medicine_259,Analgesic,PharmaCorp,296mg,22.79,2027-06-30,660
MED_0260,Medicine_260,Analgesic,HealthPlus,14mg,11.05,2028-05-07,581
MED_0261,Medicine_261,Analgesic,WellLife,476mg,47.98,2026-07-02,607
MED_0262,Medicine_262,Antiviral,HealthPlus,427mg,36.55,2028-06-06,242
MED_0263,Medicine_263,Antiseptic,BioMed,275mg,53.74,2026-12-30,944
MED_0264,Medicine_264,Antibiotic,HealthPlus,354mg,61.95,2027-11-21,107
MED_0265,Medicine_265,Vitamin,HealthPlus,139mg,13.94,2028-08-11,486
MED_0266,Medicine_266,Antibiotic,MediCare,391mg,21.07,2028-05-11,160
MED_0267,Medicine_267,Vitamin,PharmaCorp,276mg,60.28,2028-03-31,178
MED_0268,Medicine_268,Antibiotic,WellLife,187mg,40.89,2028-02-06,898
MED_0269,Medicine_269,Antiseptic,HealthPlus,262mg,75.63,2027-03-29,755
MED_0270,Medicine_270,Vitamin,WellLife,424mg,68.71,2028-06-19,974
MED_0271,Medicine_271,Antiviral,HealthPlus,65mg,86.1,2028-03-17,901
MED_0272,Medicine_272,Antibiotic,BioMed,472mg,72.32,2026-08-18,375
MED_0273,Medicine_273,Antibiotic,HealthPlus,466mg,48.69,2026-01-17,57
MED_0274,Medicine_274,Vitamin,MediCare,480mg,70.57,2027-05-06,78
MED_0275,Medicine_275,Antiviral,PharmaCorp,92mg,34.78,2027-08-02,161
MED_0276,Medicine_276,Antiviral,BioMed,402mg,37.57,2028-10-23,996
MED_0277,Medicine_277,Antiseptic,HealthPlus,108mg,81.01,2028-07-06,722
MED_0278,Medicine_278,Antiviral,WellLife,158mg,50.18,2026-12-15,180
MED_0279,Medicine_279,Antiviral,BioMed,338mg,81.85,2027-11-28,237
MED_0280,Medicine_280,Antiviral,BioMed,165mg,84.02,2027-11-10,724
MED_0281,Medicine_281,Analgesic,HealthPlus,199mg,87.18,2027-09-05,758
MED_0282,Medicine_282,Antiseptic,BioMed,380mg,92.5,2026-09-20,524
MED_0283,Medicine_283,Antibiotic,WellLife,272mg,48.79,2026-12-24,413
MED_0284,Medicine_284,Vitamin,BioMed,89mg,38.7,2027-07-10,253
MED_0285,Medicine_285,Antibiotic,WellLife,409mg,62.4,2027-04-22,261
MED_0286,Medicine_286,Antiseptic,HealthPlus,261mg,43.41,2026-12-25,670
MED_0287,Medicine_287,Vitamin,PharmaCorp,106mg,64.1,2026-11-30,325
MED_0288,Medicine_288,Antiseptic,BioMed,269mg,73.5,2028-03-31,122
MED_0289,Medicine_289,Antiviral,PharmaCorp,269mg,71.96,2028-01-24,728
MED_0290,Medicine_290,Vitamin,WellLife,112mg,43.71,2027-09-13,821
MED_0291,Medicine_291,Antiviral,BioMed,49mg,25.02,2027-11-30,292
MED_0292,Medicine_292,Antibiotic,MediCare,282mg,48.75,2026-12-13,836
MED_0293,Medicine_293,Antibiotic,PharmaCorp,110mg,22.83,2026-01-25,151
MED_0294,Medicine_294,Vitamin,BioMed,368mg,90.11,2027-04-13,734
MED_0295,Medicine_295,Vitamin,PharmaCorp,389mg,41.13,2026-07-21,220
MED_0296,Medicine_296,Antiseptic,BioMed,317mg,23.9,2026-06-07,702
MED_0297,Medicine_297,Antiseptic,HealthPlus,230mg,12.29,2027-10-03,958
MED_0298,Medicine_298,Antiviral,PharmaCorp,317mg,68.12,2026-01-24,237
MED_0299,Medicine_299,Vitamin,MediCare,429mg,67.32,2028-08-10,490
MED_0300,Medicine_300,Antibiotic,MediCare,133mg,40.65,2027-10-10,135
MED_0301,Medicine_301,Antiseptic,WellLife,431mg,16.45,2026-04-29,525
MED_0302,Medicine_302,Antiseptic,BioMed,240mg,46.87,2028-06-04,101
MED_0303,Medicine_303,Antibiotic,PharmaCorp,187mg,38.01,2028-04-10,160
MED_0304,Medicine_304,Antiseptic,WellLife,72mg,70.94,2028-05-15,998
MED_0305,Medicine_305,Antiviral,PharmaCorp,494mg,64.52,2028-08-19,926
MED_0306,Medicine_306,Vitamin,BioMed,125mg,42.81,2028-07-26,903
MED_0307,Medicine_307,Antibiotic,MediCare,200mg,29.61,2026-12-17,92
MED_0308,Medicine_308,Vitamin,HealthPlus,71mg,98.92,2028-04-29,260
MED_0309,Medicine_309,Antiseptic,MediCare,265mg,50.86,2028-03-11,249
MED_0310,Medicine_310,Antiseptic,WellLife,492mg,71.94,2026-10-30,859
MED_0311,Medicine_311,Antibiotic,HealthPlus,16mg,22.65,2026-06-16,907
MED_0312,Medicine_312,Antiviral,WellLife,164mg,53.7,2026-05-04,801
MED_0313,Medicine_313,Analgesic,BioMed,101mg,12.48,2026-12-21,676
MED_0314,Medicine_314,Antibiotic,HealthPlus,479mg,55.49,2028-01-02,75
MED_0315,Medicine_315,Analgesic,WellLife,23mg,96.76,2027-06-22,968
MED_0316,Medicine_316,Analgesic,BioMed,464mg,44.58,2027-05-12,348
MED_0317,Medicine_317,Antiviral,MediCare,238mg,13.51,2028-05-05,126
MED_0318,Medicine_318,Analgesic,BioMed,95mg,12.79,2027-01-03,973
MED_0319,Medicine_319,Analgesic,PharmaCorp,142mg,44.92,2027-07-25,186
MED_0320,Medicine_320,Antiviral,BioMed,192mg,24.4,2028-03-01,69
MED_0321,Medicine_321,Analgesic,BioMed,395mg,12.1,2027-10-15,489
MED_0322,Medicine_322,Analgesic,PharmaCorp,71mg,78.06,2028-05-14,260
MED_0323,Medicine_323,Analgesic,WellLife,228mg,51.27,2026-01-19,801
MED_0324,Medicine_324,Antibiotic,WellLife,414mg,36.03,2026-11-25,600
MED_0325,Medicine_325,Antibiotic,BioMed,255mg,91.01,2027-02-22,484
MED_0326,Medicine_326,Antibiotic,PharmaCorp,239mg,20.45,2026-03-08,829
MED_0327,Medicine_327,Antiviral,PharmaCorp,88mg,96.03,2026-02-09,256
MED_0328,Medicine_328,Antiseptic,MediCare,158mg,38.26,2026-07-12,488
MED_0329,Medicine_329,Analgesic,WellLife,147mg,89.96,2026-10-21,828
MED_0330,Medicine_330,Analgesic,HealthPlus,480mg,64.26,2028-05-05,715
MED_0331,Medicine_331,Antiviral,WellLife,323mg,84.4,2027-10-13,91
MED_0332,Medicine_332,Analgesic,WellLife,385mg,98.56,2025-12-21,460
MED_0333,Medicine_333,Antibiotic,MediCare,432mg,35.96,2026-09-19,572
MED_0334,Medicine_334,Antiseptic,HealthPlus,398mg,96.5,2028-07-08,855
MED_0335,Medicine_335,Vitamin,MediCare,74mg,45.05,2028-02-01,659
MED_0336,Medicine_336,Analgesic,HealthPlus,22mg,44.7,2027-03-19,476
MED_0337,Medicine_337,Antibiotic,BioMed,222mg,40.63,2027-06-20,324
MED_0338,Medicine_338,Vitamin,HealthPlus,483mg,58.73,2027-02-25,497
MED_0339,Medicine_339,Antiseptic,MediCare,251mg,23.87,2026-11-24,951
MED_0340,Medicine_340,Vitamin,WellLife,222mg,59.83,2028-04-01,991
MED_0341,Medicine_341,Antibiotic,HealthPlus,190mg,58.75,2026-11-10,933
MED_0342,Medicine_342,Vitamin,HealthPlus,347mg,78.57,2026-08-04,791
MED_0343,Medicine_343,Antiviral,PharmaCorp,494mg,85.03,2028-01-14,418
MED_0344,Medicine_344,Vitamin,WellLife,182mg,49.64,2028-02-05,987
MED_0345,Medicine_345,Analgesic,BioMed,169mg,37.21,2028-09-01,269
MED_0346,Medicine_346,Analgesic,MediCare,173mg,33.34,2027-02-26,626
MED_0347,Medicine_347,Antiviral,BioMed,474mg,27.52,2028-05-29,916
MED_0348,Medicine_348,Antibiotic,WellLife,492mg,15.19,2027-04-07,281
MED_0349,Medicine_349,Analgesic,HealthPlus,197mg,40.82,2028-07-01,377
MED_0350,Medicine_350,Antiseptic,HealthPlus,404mg,34.32,2027-04-16,492
MED_0351,Medicine_351,Analgesic,WellLife,200mg,96.98,2027-04-09,101
MED_0352,Medicine_352,Analgesic,HealthPlus,414mg,60.19,2028-02-05,935
MED_0353,Medicine_353,Antibiotic,HealthPlus,317mg,41.25,2027-07-15,992
MED_0354,Medicine_354,Vitamin,HealthPlus,265mg,62.24,2026-05-09,425
MED_0355,Medicine_355,Analgesic,MediCare,192mg,22.53,2027-03-01,312
MED_0356,Medicine_356,Antiviral,MediCare,126mg,49.96,2028-06-01,316
MED_0357,Medicine_357,Vitamin,PharmaCorp,291mg,66.36,2026-03-18,408
MED_0358,Medicine_358,Antiseptic,BioMed,205mg,54.0,2028-08-12,366
MED_0359,Medicine_359,Antibiotic,WellLife,43mg,46.16,2026-06-19,373
MED_0360,Medicine_360,Antiseptic,WellLife,61mg,99.45,2027-04-23,970
MED_0361,Medicine_361,Vitamin,WellLife,121mg,89.23,2027-11-03,957
MED_0362,Medicine_362,Vitamin,PharmaCorp,261mg,66.11,2026-04-11,715
MED_0363,Medicine_363,Vitamin,MediCare,91mg,61.24,2026-10-29,919
MED_0364,Medicine_364,Antiseptic,PharmaCorp,241mg,65.86,2027-05-15,927
MED_0365,Medicine_365,Vitamin,WellLife,236mg,28.12,2026-01-31,701
MED_0366,Medicine_366,Antiseptic,BioMed,242mg,45.56,2026-12-12,988
MED_0367,Medicine_367,Vitamin,HealthPlus,230mg,13.55,2025-12-13,612
MED_0368,Medicine_368,Antiviral,MediCare,445mg,52.8,2027-10-08,678
MED_0369,Medicine_369,Vitamin,MediCare,422mg,58.87,2026-02-06,470
MED_0370,Medicine_370,Antiseptic,PharmaCorp,431mg,30.5,2027-06-20,95
MED_0371,Medicine_371,Analgesic,MediCare,51mg,96.76,2028-06-20,870
MED_0372,Medicine_372,Vitamin,WellLife,30mg,91.85,2026-06-23,649
MED_0373,Medicine_373,Analgesic,WellLife,51mg,74.99,2028-03-28,769
MED_0374,Medicine_374,Antiviral,PharmaCorp,406mg,58.0,2027-09-06,938
MED_0375,Medicine_375,Antibiotic,WellLife,122mg,88.3,2028-08-14,318
MED_0376,Medicine_376,Antiviral,BioMed,114mg,21.76,2027-10-20,650
MED_0377,Medicine_377,Vitamin,PharmaCorp,201mg,81.15,2027-05-18,430
MED_0378,Medicine_378,Analgesic,BioMed,26mg,21.23,2028-05-13,167
MED_0379,Medicine_379,Analgesic,HealthPlus,129mg,81.48,2028-01-13,615
MED_0380,Medicine_380,Antiseptic,BioMed,402mg,34.82,2026-05-13,165
MED_0381,Medicine_381,Analgesic,HealthPlus,434mg,88.94,2028-09-27,679
MED_0382,Medicine_382,Antiseptic,HealthPlus,138mg,94.96,2026-09-08,309
MED_0383,Medicine_383,Antibiotic,BioMed,139mg,23.39,2026-06-01,124
MED_0384,Medicine_384,Vitamin,PharmaCorp,69mg,51.64,2028-05-26,529
MED_0385,Medicine_385,Antiseptic,WellLife,57mg,98.29,2027-10-19,354
MED_0386,Medicine_386,Antibiotic,WellLife,38mg,53.51,2028-04-30,56
MED_0387,Medicine_387,Analgesic,HealthPlus,106mg,87.72,2027-03-10,415
MED_0388,Medicine_388,Analgesic,HealthPlus,19mg,62.99,2026-08-28,683
MED_0389,Medicine_389,Antibiotic,PharmaCorp,251mg,43.78,2028-06-21,572
MED_0390,Medicine_390,Analgesic,MediCare,323mg,35.72,2027-06-18,397
MED_0391,Medicine_391,Antibiotic,BioMed,453mg,28.29,2028-03-30,487
MED_0392,Medicine_392,Antiseptic,HealthPlus,241mg,78.56,2028-08-21,264
MED_0393,Medicine_393,Antiseptic,WellLife,286mg,44.79,2027-02-25,478
MED_0394,Medicine_394,Antibiotic,PharmaCorp,293mg,56.01,2028-05-30,840
MED_0395,Medicine_395,Antiseptic,BioMed,212mg,54.31,2028-03-06,547
MED_0396,Medicine_396,Antiseptic,PharmaCorp,256mg,61.96,2028-03-12,589
MED_0397,Medicine_397,Antiseptic,BioMed,299mg,87.9,2026-06-05,796
MED_0398,Medicine_398,Antiviral,BioMed,273mg,98.27,2027-08-02,416
MED_0399,Medicine_399,Vitamin,HealthPlus,452mg,46.68,2027-01-04,362
MED_0400,Medicine_400,Analgesic,PharmaCorp,223mg,84.48,2028-06-24,587
MED_0401,Medicine_401,Antiviral,PharmaCorp,209mg,78.81,2027-11-15,970
MED_0402,Medicine_402,Antiseptic,WellLife,442mg,61.62,2026-02-25,103
MED_0403,Medicine_403,Antibiotic,WellLife,88mg,96.04,2027-01-28,590
MED_0404,Medicine_404,Antiseptic,HealthPlus,410mg,28.04,2027-09-09,516
MED_0405,Medicine_405,Vitamin,HealthPlus,453mg,19.83,2027-02-01,914
MED_0406,Medicine_406,Antiseptic,MediCare,352mg,86.86,2026-12-04,213
MED_0407,Medicine_407,Antibiotic,WellLife,353mg,49.52,2026-06-19,831
MED_0408,Medicine_408,Vitamin,BioMed,182mg,86.23,2028-01-13,383
MED_0409,Medicine_409,Antiseptic,PharmaCorp,476mg,90.38,2027-05-10,596
MED_0410,Medicine_410,Vitamin,HealthPlus,78mg,15.62,2026-05-09,847
MED_0411,Medicine_411,Analgesic,PharmaCorp,425mg,89.51,2027-08-29,397
MED_0412,Medicine_412,Analgesic,PharmaCorp,437mg,50.35,2026-02-22,322
MED_0413,Medicine_413,Antiseptic,MediCare,458mg,55.94,2025-12-07,769
MED_0414,Medicine_414,Vitamin,WellLife,96mg,66.39,2028-07-24,799
MED_0415,Medicine_415,Antibiotic,HealthPlus,110mg,93.37,2028-02-07,463
MED_0416,Medicine_416,Antiseptic,PharmaCorp,17mg,11.72,2028-06-26,549
MED_0417,Medicine_417,Analgesic,HealthPlus,342mg,52.92,2027-12-06,142
MED_0418,Medicine_418,Analgesic,BioMed,209mg,71.89,2028-04-18,734
MED_0419,Medicine_419,Antiseptic,MediCare,96mg,75.04,2027-09-15,128
MED_0420,Medicine_420,Vitamin,BioMed,52mg,72.33,2028-09-21,671
MED_0421,Medicine_421,Analgesic,HealthPlus,394mg,22.1,2028-10-12,266
MED_0422,Medicine_422,Vitamin,HealthPlus,118mg,36.95,2026-09-16,996
MED_0423,Medicine_423,Analgesic,WellLife,444mg,42.28,2028-08-06,407
MED_0424,Medicine_424,Analgesic,PharmaCorp,417mg,82.4,2028-06-07,667
MED_0425,Medicine_425,Antiviral,PharmaCorp,492mg,35.09,2027-08-26,556
MED_0426,Medicine_426,Analgesic,BioMed,161mg,28.96,2026-10-30,608
MED_0427,Medicine_427,Antibiotic,MediCare,26mg,96.17,2027-08-14,230
MED_0428,Medicine_428,Antiseptic,PharmaCorp,142mg,10.8,2027-02-06,625
MED_0429,Medicine_429,Antiseptic,WellLife,157mg,99.8,2028-06-23,295
MED_0430,Medicine_430,Vitamin,BioMed,286mg,70.91,2028-03-03,293
MED_0431,Medicine_431,Analgesic,BioMed,241mg,84.56,2027-04-27,555
MED_0432,Medicine_432,Antibiotic,WellLife,323mg,36.52,2028-07-27,471
MED_0433,Medicine_433,Vitamin,MediCare,424mg,11.29,2028-07-06,369
MED_0434,Medicine_434,Antiviral,WellLife,375mg,76.41,2028-07-03,136
MED_0435,Medicine_435,Vitamin,MediCare,237mg,85.07,2028-06-25,266
MED_0436,Medicine_436,Vitamin,WellLife,148mg,76.64,2026-04-28,539
MED_0437,Medicine_437,Analgesic,WellLife,445mg,22.86,2026-02-20,568
MED_0438,Medicine_438,Antiviral,HealthPlus,408mg,77.81,2028-06-12,327
MED_0439,Medicine_439,Vitamin,BioMed,220mg,79.2,2026-05-22,898
MED_0440,Medicine_440,Antibiotic,WellLife,400mg,69.27,2026-06-24,771
MED_0441,Medicine_441,Antibiotic,WellLife,37mg,78.95,2027-03-04,218
MED_0442,Medicine_442,Antiseptic,PharmaCorp,60mg,86.13,2027-08-17,379
MED_0443,Medicine_443,Antiviral,BioMed,451mg,65.22,2028-02-27,699
MED_0444,Medicine_444,Antiviral,PharmaCorp,270mg,17.97,2027-07-24,490
MED_0445,Medicine_445,Antiseptic,BioMed,270mg,53.89,2028-04-27,440
MED_0446,Medicine_446,Vitamin,PharmaCorp,359mg,16.99,2026-11-25,545
MED_0447,Medicine_447,Antiviral,WellLife,361mg,46.68,2026-08-27,430
MED_0448,Medicine_448,Antibiotic,WellLife,17mg,46.64,2026-12-09,355
MED_0449,Medicine_449,Antibiotic,HealthPlus,329mg,15.94,2028-06-26,791
MED_0450,Medicine_450,Analgesic,PharmaCorp,147mg,41.39,2028-02-12,869
MED_0451,Medicine_451,Antiviral,MediCare,47mg,19.99,2028-06-06,722
MED_0452,Medicine_452,Vitamin,HealthPlus,120mg,82.74,2027-04-02,562
MED_0453,Medicine_453,Antiseptic,PharmaCorp,489mg,95.29,2026-11-23,797
MED_0454,Medicine_454,Antiseptic,PharmaCorp,377mg,16.51,2027-06-17,998
MED_0455,Medicine_455,Vitamin,HealthPlus,229mg,95.96,2027-12-27,237
MED_0456,Medicine_456,Analgesic,WellLife,346mg,57.03,2026-08-27,979
MED_0457,Medicine_457,Antiseptic,PharmaCorp,232mg,36.96,2026-01-13,565
MED_0458,Medicine_458,Antiviral,WellLife,145mg,16.92,2027-11-22,962
MED_0459,Medicine_459,Analgesic,HealthPlus,265mg,55.06,2028-05-18,693
MED_0460,Medicine_460,Antiviral,WellLife,369mg,81.51,2028-06-09,476
MED_0461,Medicine_461,Antibiotic,BioMed,418mg,73.64,2027-06-11,551
MED_0462,Medicine_462,Analgesic,MediCare,338mg,14.52,2028-01-16,779
MED_0463,Medicine_463,Antiseptic,PharmaCorp,459mg,16.56,2027-03-24,309
MED_0464,Medicine_464,Analgesic,MediCare,472mg,46.26,2027-07-01,562
MED_0465,Medicine_465,Analgesic,WellLife,443mg,36.58,2026-07-18,120
MED_0466,Medicine_466,Analgesic,PharmaCorp,460mg,30.91,2026-01-19,527
MED_0467,Medicine_467,Analgesic,WellLife,58mg,35.29,2026-11-19,227
MED_0468,Medicine_468,Antiviral,BioMed,301mg,82.31,2026-03-14,506
MED_0469,Medicine_469,Antibiotic,HealthPlus,391mg,93.63,2026-06-04,238
MED_0470,Medicine_470,Vitamin,PharmaCorp,333mg,46.46,2028-05-16,340
MED_0471,Medicine_471,Analgesic,BioMed,87mg,91.55,2028-04-04,569
MED_0472,Medicine_472,Antiseptic,BioMed,114mg,38.93,2027-06-15,814
MED_0473,Medicine_473,Analgesic,PharmaCorp,178mg,52.88,2027-09-05,969
MED_0474,Medicine_474,Antiseptic,WellLife,226mg,30.34,2026-01-02,341
MED_0475,Medicine_475,Antiviral,BioMed,387mg,67.64,2027-08-23,995
MED_0476,Medicine_476,Antiseptic,MediCare,128mg,98.11,2028-09-26,805
MED_0477,Medicine_477,Vitamin,BioMed,199mg,64.31,2025-12-30,684
MED_0478,Medicine_478,Antibiotic,WellLife,264mg,42.2,2026-03-05,860
MED_0479,Medicine_479,Antiseptic,WellLife,379mg,68.3,2026-05-09,332
MED_0480,Medicine_480,Antiseptic,MediCare,275mg,21.06,2026-12-12,593
MED_0481,Medicine_481,Antibiotic,BioMed,158mg,89.98,2028-01-23,895
MED_0482,Medicine_482,Vitamin,WellLife,173mg,55.28,2025-12-25,426
MED_0483,Medicine_483,Analgesic,PharmaCorp,149mg,50.44,2025-12-05,707
MED_0484,Medicine_484,Antiseptic,HealthPlus,356mg,62.73,2026-02-28,205
MED_0485,Medicine_485,Antibiotic,HealthPlus,497mg,66.23,2027-02-20,557
MED_0486,Medicine_486,Antiviral,HealthPlus,267mg,16.46,2026-06-04,462
MED_0487,Medicine_487,Antibiotic,BioMed,383mg,71.44,2027-03-25,577
MED_0488,Medicine_488,Antiviral,MediCare,278mg,31.77,2026-07-20,404
MED_0489,Medicine_489,Vitamin,WellLife,190mg,74.26,2027-11-29,608
MED_0490,Medicine_490,Analgesic,PharmaCorp,169mg,84.03,2028-08-11,812
MED_0491,Medicine_491,Antibiotic,PharmaCorp,360mg,82.36,2028-02-27,236
MED_0492,Medicine_492,Antiseptic,BioMed,409mg,59.73,2026-03-10,80
MED_0493,Medicine_493,Vitamin,HealthPlus,297mg,56.82,2026-05-24,309
MED_0494,Medicine_494,Antibiotic,BioMed,297mg,22.86,2026-05-27,470
MED_0495,Medicine_495,Antiseptic,MediCare,389mg,79.78,2026-07-08,578
MED_0496,Medicine_496,Antibiotic,MediCare,235mg,34.43,2028-01-10,600
MED_0497,Medicine_497,Antiviral,WellLife,20mg,54.7,2028-01-23,353
MED_0498,Medicine_498,Antibiotic,WellLife,19mg,35.58,2027-10-13,991
MED_0499,Medicine_499,Antibiotic,MediCare,280mg,22.04,2027-05-08,993
MED_0500,Medicine_500,Antibiotic,MediCare,282mg,66.66,2028-07-23,88
MED_0501,Medicine_501,Vitamin,MediCare,433mg,14.89,2028-06-17,538
MED_0502,Medicine_502,Antibiotic,BioMed,411mg,77.38,2026-03-10,693
MED_0503,Medicine_503,Antiseptic,MediCare,192mg,38.58,2028-03-04,591
MED_0504,Medicine_504,Antiviral,PharmaCorp,466mg,10.01,2027-10-04,719
MED_0505,Medicine_505,Antiviral,HealthPlus,162mg,56.0,2028-03-22,327
MED_0506,Medicine_506,Antibiotic,MediCare,497mg,14.22,2028-10-15,252
MED_0507,Medicine_507,Vitamin,HealthPlus,324mg,34.86,2026-12-22,115
MED_0508,Medicine_508,Vitamin,BioMed,343mg,73.63,2026-01-03,157
MED_0509,Medicine_509,Antiseptic,HealthPlus,133mg,15.64,2027-09-15,317
MED_0510,Medicine_510,Antibiotic,BioMed,482mg,85.54,2028-08-01,271
MED_0511,Medicine_511,Antiviral,PharmaCorp,123mg,10.34,2028-03-18,853
MED_0512,Medicine_512,Vitamin,BioMed,287mg,32.21,2026-06-13,579
MED_0513,Medicine_513,Antibiotic,BioMed,423mg,76.68,2027-02-14,139
MED_0514,Medicine_514,Vitamin,WellLife,477mg,38.46,2028-10-21,742
MED_0515,Medicine_515,Vitamin,MediCare,222mg,19.17,2027-02-11,304
MED_0516,Medicine_516,Antiviral,MediCare,181mg,42.42,2027-12-25,504
MED_0517,Medicine_517,Analgesic,PharmaCorp,297mg,34.34,2026-07-09,302
MED_0518,Medicine_518,Antiseptic,PharmaCorp,444mg,85.84,2026-01-11,306
MED_0519,Medicine_519,Antiseptic,MediCare,183mg,38.2,2028-10-01,432
MED_0520,Medicine_520,Antiviral,WellLife,122mg,81.0,2028-05-24,491
MED_0521,Medicine_521,Vitamin,MediCare,385mg,90.27,2026-05-30,907
MED_0522,Medicine_522,Antibiotic,WellLife,414mg,49.04,2026-11-04,648
MED_0523,Medicine_523,Vitamin,PharmaCorp,492mg,91.89,2026-07-06,139
MED_0524,Medicine_524,Antiviral,HealthPlus,131mg,43.96,2028-03-03,798
MED_0525,Medicine_525,Antiseptic,PharmaCorp,41mg,96.77,2027-03-27,439
MED_0526,Medicine_526,Vitamin,PharmaCorp,231mg,18.04,2028-04-19,631
MED_0527,Medicine_527,Antiseptic,BioMed,128mg,71.83,2028-03-22,93
MED_0528,Medicine_528,Antibiotic,BioMed,48mg,54.44,2028-07-30,761
MED_0529,Medicine_529,Antiseptic,BioMed,277mg,44.89,2028-09-06,713
MED_0530,Medicine_530,Antiseptic,BioMed,242mg,66.94,2026-05-31,647
MED_0531,Medicine_531,Analgesic,WellLife,440mg,73.35,2026-08-21,68
MED_0532,Medicine_532,Analgesic,MediCare,27mg,10.39,2026-09-30,150
MED_0533,Medicine_533,Analgesic,HealthPlus,158mg,25.03,2028-03-18,963
MED_0534,Medicine_534,Antiseptic,PharmaCorp,406mg,74.17,2027-03-25,656
MED_0535,Medicine_535,Antiviral,WellLife,158mg,69.97,2026-03-24,815
MED_0536,Medicine_536,Antiseptic,HealthPlus,135mg,96.94,2026-07-02,406
MED_0537,Medicine_537,Antiviral,WellLife,401mg,78.49,2026-01-16,591
MED_0538,Medicine_538,Antiviral,WellLife,311mg,95.57,2027-12-22,810
MED_0539,Medicine_539,Analgesic,PharmaCorp,369mg,73.23,2027-12-02,987
MED_0540,Medicine_540,Vitamin,MediCare,247mg,36.82,2027-11-14,82
MED_0541,Medicine_541,Antibiotic,BioMed,144mg,19.48,2027-01-04,278
MED_0542,Medicine_542,Analgesic,MediCare,160mg,80.36,2027-07-25,573
MED_0543,Medicine_543,Analgesic,PharmaCorp,245mg,67.97,2028-09-10,679
MED_0544,Medicine_544,Vitamin,PharmaCorp,233mg,14.34,2027-01-20,911
MED_0545,Medicine_545,Antibiotic,PharmaCorp,212mg,42.4,2027-11-06,204
MED_0546,Medicine_546,Antiseptic,HealthPlus,265mg,96.11,2026-07-29,472
MED_0547,Medicine_547,Antiseptic,MediCare,95mg,55.04,2026-02-04,954
MED_0548,Medicine_548,Analgesic,MediCare,159mg,48.95,2026-05-28,295
MED_0549,Medicine_549,Antibiotic,WellLife,244mg,51.19,2025-11-30,454
MED_0550,Medicine_550,Analgesic,WellLife,354mg,28.8,2028-05-18,893
MED_0551,Medicine_551,Antiviral,WellLife,31mg,43.18,2026-12-16,808
MED_0552,Medicine_552,Analgesic,PharmaCorp,357mg,43.28,2027-10-24,590
MED_0553,Medicine_553,Analgesic,MediCare,294mg,14.71,2028-02-29,210
MED_0554,Medicine_554,Antiseptic,PharmaCorp,278mg,79.08,2026-11-08,796
MED_0555,Medicine_555,Antiseptic,HealthPlus,475mg,47.49,2026-09-28,751
MED_0556,Medicine_556,Antiseptic,WellLife,267mg,84.0,2026-09-07,166
MED_0557,Medicine_557,Antiviral,PharmaCorp,38mg,86.53,2027-12-30,320
MED_0558,Medicine_558,Antiseptic,PharmaCorp,222mg,29.08,2027-11-19,819
MED_0559,Medicine_559,Antibiotic,HealthPlus,472mg,69.16,2027-12-26,741
MED_0560,Medicine_560,Vitamin,BioMed,445mg,52.51,2026-12-12,536
MED_0561,Medicine_561,Antibiotic,MediCare,292mg,89.21,2026-12-17,934
MED_0562,Medicine_562,Antibiotic,BioMed,59mg,29.42,2027-05-03,221
MED_0563,Medicine_563,Antiseptic,WellLife,104mg,71.0,2027-08-25,999
MED_0564,Medicine_564,Vitamin,PharmaCorp,472mg,64.7,2028-06-19,323
MED_0565,Medicine_565,Vitamin,HealthPlus,416mg,36.58,2026-08-27,308
MED_0566,Medicine_566,Vitamin,HealthPlus,97mg,22.29,2027-04-08,184
MED_0567,Medicine_567,Antiviral,MediCare,53mg,68.65,2027-11-11,732
MED_0568,Medicine_568,Antiseptic,BioMed,470mg,76.47,2026-10-27,771
MED_0569,Medicine_569,Vitamin,MediCare,287mg,38.41,2028-06-13,797
MED_0570,Medicine_570,Antiviral,PharmaCorp,180mg,68.03,2027-03-20,471
MED_0571,Medicine_571,Analgesic,MediCare,430mg,45.56,2028-05-23,470
MED_0572,Medicine_572,Analgesic,HealthPlus,198mg,74.19,2026-03-13,235
MED_0573,Medicine_573,Antiviral,HealthPlus,362mg,27.93,2026-10-18,978
MED_0574,Medicine_574,Antiviral,WellLife,193mg,90.12,2026-10-05,413
MED_0575,Medicine_575,Antiseptic,WellLife,12mg,35.87,2027-10-24,656
MED_0576,Medicine_576,Antiseptic,PharmaCorp,200mg,43.1,2028-01-14,427
MED_0577,Medicine_577,Analgesic,BioMed,127mg,15.23,2026-04-29,572
MED_0578,Medicine_578,Vitamin,MediCare,28mg,20.04,2028-04-29,629
MED_0579,Medicine_579,Analgesic,PharmaCorp,32mg,56.43,2028-09-15,940
MED_0580,Medicine_580,Vitamin,WellLife,422mg,34.08,2027-12-22,771
MED_0581,Medicine_581,Vitamin,MediCare,39mg,85.19,2027-11-16,245
MED_0582,Medicine_582,Antiseptic,WellLife,304mg,11.32,2028-05-25,930
MED_0583,Medicine_583,Antibiotic,MediCare,117mg,44.12,2028-04-13,147
MED_0584,Medicine_584,Antibiotic,BioMed,376mg,40.36,2025-12-07,654
MED_0585,Medicine_585,Antiviral,PharmaCorp,290mg,11.74,2027-07-25,71
MED_0586,Medicine_586,Antiseptic,MediCare,137mg,21.19,2027-04-06,499
MED_0587,Medicine_587,Vitamin,HealthPlus,238mg,47.23,2026-07-20,221
MED_0588,Medicine_588,Antibiotic,HealthPlus,120mg,54.36,2028-01-14,432
MED_0589,Medicine_589,Vitamin,MediCare,145mg,46.39,2027-07-23,183
MED_0590,Medicine_590,Antibiotic,MediCare,371mg,57.78,2027-09-16,475
MED_0591,Medicine_591,Antibiotic,MediCare,195mg,63.56,2028-03-22,74
MED_0592,Medicine_592,Antibiotic,HealthPlus,153mg,10.89,2028-06-17,552
MED_0593,Medicine_593,Antiseptic,HealthPlus,81mg,51.77,2027-08-14,234
MED_0594,Medicine_594,Analgesic,MediCare,138mg,96.71,2026-04-16,134
MED_0595,Medicine_595,Vitamin,WellLife,373mg,56.71,2027-11-08,616
MED_0596,Medicine_596,Antiseptic,WellLife,270mg,70.98,2027-03-18,812
MED_0597,Medicine_597,Antiseptic,BioMed,12mg,38.07,2027-06-12,193
MED_0598,Medicine_598,Antiseptic,PharmaCorp,458mg,79.66,2027-03-10,912
MED_0599,Medicine_599,Antiseptic,WellLife,397mg,79.56,2026-12-13,959
MED_0600,Medicine_600,Antiseptic,HealthPlus,113mg,56.92,2028-06-07,728
MED_0601,Medicine_601,Antiviral,WellLife,492mg,97.84,2027-01-15,461
MED_0602,Medicine_602,Vitamin,BioMed,233mg,21.3,2026-09-28,273
MED_0603,Medicine_603,Antiseptic,BioMed,329mg,11.53,2027-09-04,269
MED_0604,Medicine_604,Vitamin,PharmaCorp,371mg,79.31,2028-09-14,228
MED_0605,Medicine_605,Antiviral,WellLife,363mg,82.64,2027-12-03,680
MED_0606,Medicine_606,Antiviral,HealthPlus,482mg,20.82,2026-04-13,482
MED_0607,Medicine_607,Vitamin,HealthPlus,19mg,33.9,2028-07-25,314
MED_0608,Medicine_608,Antibiotic,MediCare,414mg,11.58,2028-09-06,478
MED_0609,Medicine_609,Analgesic,HealthPlus,393mg,36.4,2028-07-04,711
MED_0610,Medicine_610,Antibiotic,PharmaCorp,311mg,79.58,2028-05-16,465
MED_0611,Medicine_611,Antibiotic,PharmaCorp,240mg,56.62,2026-02-04,502
MED_0612,Medicine_612,Antibiotic,HealthPlus,228mg,41.33,2026-03-11,776
MED_0613,Medicine_613,Antiseptic,HealthPlus,420mg,43.46,2028-04-25,246
MED_0614,Medicine_614,Antiviral,MediCare,75mg,10.12,2026-04-12,603
MED_0615,Medicine_615,Antibiotic,HealthPlus,434mg,36.98,2027-08-01,102
MED_0616,Medicine_616,Antiviral,MediCare,121mg,68.18,2028-04-05,529
MED_0617,Medicine_617,Vitamin,MediCare,22mg,97.68,2026-08-24,492
MED_0618,Medicine_618,Analgesic,HealthPlus,402mg,86.24,2027-01-14,379
MED_0619,Medicine_619,Vitamin,BioMed,429mg,12.12,2027-04-14,300
MED_0620,Medicine_620,Vitamin,BioMed,95mg,90.87,2027-11-27,856
MED_0621,Medicine_621,Antiseptic,MediCare,243mg,80.49,2027-01-22,939
MED_0622,Medicine_622,Analgesic,HealthPlus,99mg,80.23,2026-12-19,832
MED_0623,Medicine_623,Vitamin,BioMed,323mg,51.22,2026-11-01,974
MED_0624,Medicine_624,Vitamin,HealthPlus,63mg,45.82,2028-06-27,172
MED_0625,Medicine_625,Analgesic,HealthPlus,21mg,37.26,2027-07-31,928
MED_0626,Medicine_626,Analgesic,HealthPlus,218mg,15.91,2027-04-01,436
MED_0627,Medicine_627,Vitamin,WellLife,471mg,30.54,2026-06-04,388
MED_0628,Medicine_628,Analgesic,HealthPlus,23mg,32.19,2027-04-07,827
MED_0629,Medicine_629,Vitamin,WellLife,130mg,53.57,2028-02-24,397
MED_0630,Medicine_630,Vitamin,MediCare,427mg,77.27,2026-07-09,78
MED_0631,Medicine_631,Antiseptic,BioMed,446mg,52.64,2026-04-12,84
MED_0632,Medicine_632,Antibiotic,BioMed,386mg,15.21,2028-03-29,567
MED_0633,Medicine_633,Vitamin,BioMed,29mg,96.2,2028-02-19,445
MED_0634,Medicine_634,Antiviral,BioMed,84mg,94.85,2026-03-08,672
MED_0635,Medicine_635,Antibiotic,BioMed,409mg,80.67,2028-04-13,343
MED_0636,Medicine_636,Antibiotic,BioMed,252mg,99.22,2027-09-23,638
MED_0637,Medicine_637,Antibiotic,BioMed,232mg,59.0,2026-08-24,398
MED_0638,Medicine_638,Antiseptic,MediCare,79mg,96.65,2028-09-19,196
MED_0639,Medicine_639,Vitamin,HealthPlus,321mg,16.8,2026-05-27,116
MED_0640,Medicine_640,Antiseptic,PharmaCorp,220mg,42.91,2028-10-11,953
MED_0641,Medicine_641,Vitamin,WellLife,110mg,30.28,2026-09-13,569
MED_0642,Medicine_642,Antiseptic,PharmaCorp,195mg,27.62,2026-05-20,171
MED_0643,Medicine_643,Antiseptic,PharmaCorp,141mg,22.67,2026-01-21,389
MED_0644,Medicine_644,Antiviral,HealthPlus,120mg,66.02,2026-09-28,224
MED_0645,Medicine_645,Antiseptic,HealthPlus,390mg,80.32,2028-07-28,949
MED_0646,Medicine_646,Analgesic,HealthPlus,141mg,62.05,2027-10-25,740
MED_0647,Medicine_647,Antiviral,BioMed,29mg,23.23,2026-02-15,646
MED_0648,Medicine_648,Antiseptic,MediCare,403mg,83.0,2026-08-03,500
MED_0649,Medicine_649,Antibiotic,BioMed,33mg,67.24,2028-01-29,606
MED_0650,Medicine_650,Analgesic,MediCare,236mg,44.93,2028-05-09,185
MED_0651,Medicine_651,Analgesic,MediCare,163mg,70.67,2026-06-22,904
MED_0652,Medicine_652,Analgesic,PharmaCorp,302mg,33.39,2028-02-18,65
MED_0653,Medicine_653,Antiviral,PharmaCorp,239mg,41.07,2027-07-26,382
MED_0654,Medicine_654,Antiseptic,MediCare,478mg,92.57,2027-02-14,244
MED_0655,Medicine_655,Antiseptic,MediCare,319mg,36.15,2027-02-27,545
MED_0656,Medicine_656,Antibiotic,BioMed,497mg,52.3,2028-07-19,58
MED_0657,Medicine_657,Antibiotic,BioMed,368mg,90.11,2027-03-11,877
MED_0658,Medicine_658,Analgesic,PharmaCorp,414mg,73.69,2026-11-29,383
MED_0659,Medicine_659,Antibiotic,HealthPlus,211mg,15.6,2028-05-12,382
MED_0660,Medicine_660,Antiviral,MediCare,47mg,23.26,2028-06-04,376
MED_0661,Medicine_661,Antiseptic,BioMed,439mg,10.71,2026-04-10,64
MED_0662,Medicine_662,Analgesic,PharmaCorp,269mg,66.78,2026-11-26,888
MED_0663,Medicine_663,Antibiotic,BioMed,197mg,50.29,2028-05-24,663
MED_0664,Medicine_664,Antiviral,MediCare,66mg,22.08,2026-05-27,275
MED_0665,Medicine_665,Antiviral,MediCare,438mg,96.21,2027-03-11,474
MED_0666,Medicine_666,Antibiotic,WellLife,29mg,57.67,2027-09-09,839
MED_0667,Medicine_667,Antiseptic,HealthPlus,282mg,31.77,2027-12-13,457
MED_0668,Medicine_668,Antibiotic,WellLife,128mg,55.05,2027-05-15,162
MED_0669,Medicine_669,Analgesic,PharmaCorp,80mg,71.17,2028-02-04,477
MED_0670,Medicine_670,Antibiotic,BioMed,13mg,16.86,2028-06-01,50
MED_0671,Medicine_671,Antiviral,PharmaCorp,230mg,34.72,2027-04-18,315
MED_0672,Medicine_672,Antibiotic,MediCare,23mg,82.63,2027-08-16,540
MED_0673,Medicine_673,Antiseptic,WellLife,12mg,51.37,2028-08-22,257
MED_0674,Medicine_674,Vitamin,WellLife,225mg,59.19,2028-05-28,671
MED_0675,Medicine_675,Antibiotic,WellLife,238mg,48.95,2028-09-23,761
MED_0676,Medicine_676,Antiseptic,PharmaCorp,345mg,13.95,2026-04-25,418
MED_0677,Medicine_677,Antiseptic,MediCare,195mg,24.92,2028-09-18,355
MED_0678,Medicine_678,Antiviral,BioMed,64mg,50.1,2027-03-03,61
MED_0679,Medicine_679,Antiseptic,BioMed,397mg,28.83,2026-08-22,394
MED_0680,Medicine_680,Antiseptic,PharmaCorp,385mg,14.5,2027-02-27,514
MED_0681,Medicine_681,Antiseptic,WellLife,263mg,85.93,2026-03-09,749
MED_0682,Medicine_682,Antiseptic,HealthPlus,33mg,98.31,2026-05-05,715
MED_0683,Medicine_683,Analgesic,PharmaCorp,171mg,81.38,2026-11-10,543
MED_0684,Medicine_684,Analgesic,PharmaCorp,167mg,86.84,2027-02-01,417
MED_0685,Medicine_685,Antiviral,MediCare,91mg,31.78,2028-03-25,895
MED_0686,Medicine_686,Antibiotic,BioMed,412mg,96.46,2026-04-13,986
MED_0687,Medicine_687,Antiseptic,PharmaCorp,168mg,27.72,2026-02-19,469
MED_0688,Medicine_688,Antibiotic,PharmaCorp,197mg,95.63,2026-05-26,938
MED_0689,Medicine_689,Antibiotic,WellLife,69mg,99.53,2026-11-27,840
MED_0690,Medicine_690,Antiviral,WellLife,412mg,74.06,2026-04-02,220
MED_0691,Medicine_691,Antiseptic,HealthPlus,314mg,98.3,2027-09-25,183
MED_0692,Medicine_692,Antiseptic,MediCare,328mg,61.26,2026-04-22,476
MED_0693,Medicine_693,Vitamin,HealthPlus,375mg,33.36,2028-08-05,74
MED_0694,Medicine_694,Antibiotic,WellLife,220mg,49.33,2028-03-25,579
MED_0695,Medicine_695,Antibiotic,BioMed,415mg,63.42,2027-08-14,239
MED_0696,Medicine_696,Analgesic,WellLife,161mg,16.58,2027-02-13,190
MED_0697,Medicine_697,Vitamin,MediCare,118mg,66.01,2028-04-26,604
MED_0698,Medicine_698,Analgesic,WellLife,85mg,98.31,2026-09-14,895
MED_0699,Medicine_699,Analgesic,MediCare,39mg,27.11,2026-08-01,845
MED_0700,Medicine_700,Analgesic,MediCare,323mg,81.33,2028-04-20,707
MED_0701,Medicine_701,Antiviral,MediCare,495mg,91.71,2028-06-29,364
MED_0702,Medicine_702,Antiviral,MediCare,126mg,94.93,2028-07-26,493
MED_0703,Medicine_703,Analgesic,MediCare,424mg,96.41,2028-10-08,368
MED_0704,Medicine_704,Vitamin,BioMed,365mg,56.93,2028-01-22,490
MED_0705,Medicine_705,Antibiotic,HealthPlus,201mg,97.96,2028-08-04,141
MED_0706,Medicine_706,Vitamin,PharmaCorp,28mg,78.16,2028-05-01,228
MED_0707,Medicine_707,Antiseptic,HealthPlus,441mg,24.55,2028-05-02,105
MED_0708,Medicine_708,Antiviral,MediCare,182mg,52.92,2026-02-02,204
MED_0709,Medicine_709,Antibiotic,BioMed,237mg,74.65,2027-08-11,721
MED_0710,Medicine_710,Antibiotic,WellLife,359mg,32.26,2028-04-17,160
MED_0711,Medicine_711,Antiseptic,BioMed,192mg,67.66,2027-03-10,186
MED_0712,Medicine_712,Antiseptic,MediCare,122mg,69.99,2026-02-23,281
MED_0713,Medicine_713,Analgesic,BioMed,192mg,24.64,2027-05-08,517
MED_0714,Medicine_714,Antiviral,BioMed,490mg,60.86,2027-09-16,781
MED_0715,Medicine_715,Antiviral,MediCare,155mg,79.45,2027-12-03,530
MED_0716,Medicine_716,Vitamin,BioMed,328mg,54.9,2027-11-20,117
MED_0717,Medicine_717,Analgesic,PharmaCorp,125mg,11.09,2028-04-14,863
MED_0718,Medicine_718,Analgesic,PharmaCorp,122mg,10.81,2026-06-04,298
MED_0719,Medicine_719,Analgesic,BioMed,260mg,42.13,2026-04-11,372
MED_0720,Medicine_720,Analgesic,WellLife,485mg,93.36,2026-11-04,971
MED_0721,Medicine_721,Antiviral,MediCare,260mg,30.58,2028-08-29,953
MED_0722,Medicine_722,Antiviral,PharmaCorp,312mg,67.09,2027-04-11,567
MED_0723,Medicine_723,Analgesic,WellLife,468mg,29.99,2026-06-15,841
MED_0724,Medicine_724,Vitamin,BioMed,322mg,38.95,2027-06-20,481
MED_0725,Medicine_725,Antibiotic,WellLife,127mg,86.32,2026-06-04,536
MED_0726,Medicine_726,Antibiotic,HealthPlus,310mg,75.6,2025-11-29,655
MED_0727,Medicine_727,Vitamin,PharmaCorp,170mg,18.59,2026-10-01,478
MED_0728,Medicine_728,Analgesic,BioMed,410mg,48.58,2027-05-27,318
MED_0729,Medicine_729,Antiviral,MediCare,207mg,12.63,2026-01-19,758
MED_0730,Medicine_730,Antibiotic,BioMed,269mg,53.28,2027-02-10,586
MED_0731,Medicine_731,Antiseptic,MediCare,157mg,69.62,2028-04-12,197
MED_0732,Medicine_732,Antiseptic,BioMed,249mg,20.67,2027-07-02,167
MED_0733,Medicine_733,Vitamin,WellLife,56mg,36.0,2027-12-16,899
MED_0734,Medicine_734,Analgesic,WellLife,484mg,45.81,2026-11-19,416
MED_0735,Medicine_735,Antibiotic,WellLife,408mg,92.76,2028-02-21,899
MED_0736,Medicine_736,Analgesic,HealthPlus,207mg,99.39,2025-12-24,115
MED_0737,Medicine_737,Antibiotic,MediCare,56mg,14.04,2026-03-12,862
MED_0738,Medicine_738,Vitamin,WellLife,87mg,78.49,2028-03-17,419
MED_0739,Medicine_739,Vitamin,HealthPlus,133mg,43.46,2027-11-11,224
MED_0740,Medicine_740,Antiseptic,MediCare,84mg,45.32,2028-05-03,880
MED_0741,Medicine_741,Analgesic,BioMed,368mg,77.88,2028-07-11,637
MED_0742,Medicine_742,Antiseptic,HealthPlus,146mg,92.66,2028-05-05,544
MED_0743,Medicine_743,Analgesic,PharmaCorp,99mg,95.58,2027-11-26,163
MED_0744,Medicine_744,Antiseptic,HealthPlus,409mg,61.94,2027-07-23,160
MED_0745,Medicine_745,Antiviral,HealthPlus,334mg,42.14,2027-02-24,810
MED_0746,Medicine_746,Antiviral,MediCare,70mg,80.88,2027-08-01,488
MED_0747,Medicine_747,Antiviral,BioMed,147mg,32.59,2027-10-23,764
MED_0748,Medicine_748,Antiviral,PharmaCorp,59mg,60.77,2027-09-29,196
MED_0749,Medicine_749,Antibiotic,WellLife,268mg,42.27,2027-05-21,84
MED_0750,Medicine_750,Antiviral,WellLife,470mg,69.1,2028-03-30,358
MED_0751,Medicine_751,Vitamin,HealthPlus,116mg,31.64,2028-05-09,587
MED_0752,Medicine_752,Vitamin,MediCare,122mg,27.24,2026-08-29,799
MED_0753,Medicine_753,Antibiotic,MediCare,359mg,92.64,2027-05-30,63
MED_0754,Medicine_754,Antiviral,WellLife,263mg,19.16,2026-03-15,423
MED_0755,Medicine_755,Antiviral,PharmaCorp,127mg,55.54,2026-12-14,606
MED_0756,Medicine_756,Antiviral,BioMed,207mg,29.88,2027-12-25,477
MED_0757,Medicine_757,Antiseptic,PharmaCorp,346mg,13.5,2027-10-19,777
MED_0758,Medicine_758,Analgesic,BioMed,374mg,13.24,2027-01-03,282
MED_0759,Medicine_759,Antiseptic,WellLife,60mg,25.77,2025-12-16,754
MED_0760,Medicine_760,Analgesic,BioMed,254mg,88.01,2027-10-03,612
MED_0761,Medicine_761,Antiviral,MediCare,412mg,35.42,2027-07-28,988
MED_0762,Medicine_762,Antiviral,HealthPlus,435mg,95.54,2025-12-02,936
MED_0763,Medicine_763,Antiseptic,HealthPlus,44mg,62.35,2027-10-27,775
MED_0764,Medicine_764,Antiseptic,WellLife,311mg,49.3,2027-05-07,712
MED_0765,Medicine_765,Analgesic,MediCare,419mg,62.21,2027-07-19,489
MED_0766,Medicine_766,Vitamin,PharmaCorp,78mg,56.5,2027-09-12,551
MED_0767,Medicine_767,Analgesic,MediCare,358mg,78.29,2026-05-09,324
MED_0768,Medicine_768,Antiseptic,HealthPlus,329mg,35.42,2028-03-22,899
MED_0769,Medicine_769,Antiseptic,HealthPlus,430mg,41.77,2027-04-04,125
MED_0770,Medicine_770,Antibiotic,MediCare,477mg,90.47,2027-07-07,488
MED_0771,Medicine_771,Antiseptic,MediCare,58mg,95.18,2027-01-27,781
MED_0772,Medicine_772,Antibiotic,HealthPlus,414mg,90.33,2028-01-07,909
MED_0773,Medicine_773,Vitamin,PharmaCorp,83mg,47.75,2026-05-06,748
MED_0774,Medicine_774,Analgesic,WellLife,201mg,80.23,2026-11-25,338
MED_0775,Medicine_775,Analgesic,WellLife,270mg,52.87,2026-02-04,964
MED_0776,Medicine_776,Antibiotic,MediCare,365mg,54.78,2027-09-10,589
MED_0777,Medicine_777,Analgesic,WellLife,79mg,28.42,2026-08-20,940
MED_0778,Medicine_778,Antiseptic,HealthPlus,99mg,63.2,2027-01-13,741
MED_0779,Medicine_779,Antiviral,HealthPlus,269mg,26.75,2028-09-05,302
MED_0780,Medicine_780,Antibiotic,MediCare,135mg,39.84,2027-09-30,175
MED_0781,Medicine_781,Analgesic,MediCare,240mg,86.95,2025-11-30,226
MED_0782,Medicine_782,Antibiotic,MediCare,304mg,28.64,2028-08-02,86
MED_0783,Medicine_783,Antibiotic,PharmaCorp,428mg,16.4,2027-06-17,459
MED_0784,Medicine_784,Antiviral,WellLife,138mg,16.21,2027-01-05,660
MED_0785,Medicine_785,Antiseptic,MediCare,289mg,94.67,2025-12-20,659
MED_0786,Medicine_786,Antibiotic,BioMed,322mg,55.62,2028-09-18,176
MED_0787,Medicine_787,Analgesic,BioMed,109mg,46.85,2028-08-06,532
MED_0788,Medicine_788,Vitamin,HealthPlus,335mg,82.98,2026-12-19,217
MED_0789,Medicine_789,Antibiotic,WellLife,306mg,85.22,2027-11-04,641
MED_0790,Medicine_790,Antibiotic,MediCare,191mg,39.9,2027-06-18,343
MED_0791,Medicine_791,Antiviral,BioMed,183mg,72.43,2027-12-18,894
MED_0792,Medicine_792,Antiseptic,WellLife,325mg,79.4,2026-04-19,687
MED_0793,Medicine_793,Vitamin,HealthPlus,373mg,68.92,2028-01-18,392
MED_0794,Medicine_794,Analgesic,PharmaCorp,197mg,23.64,2027-05-04,359
MED_0795,Medicine_795,Vitamin,WellLife,66mg,88.83,2025-12-07,711
MED_0796,Medicine_796,Analgesic,WellLife,40mg,58.52,2028-05-15,577
MED_0797,Medicine_797,Antiseptic,PharmaCorp,93mg,35.42,2026-12-13,589
MED_0798,Medicine_798,Analgesic,WellLife,161mg,48.27,2027-06-03,468
MED_0799,Medicine_799,Antiviral,HealthPlus,482mg,13.38,2028-04-29,493
MED_0800,Medicine_800,Antiviral,HealthPlus,45mg,21.51,2025-12-13,734
MED_0801,Medicine_801,Antiviral,PharmaCorp,222mg,78.9,2027-06-22,607
MED_0802,Medicine_802,Antiviral,MediCare,423mg,10.0,2027-12-15,889
MED_0803,Medicine_803,Vitamin,BioMed,417mg,47.49,2028-08-24,285
MED_0804,Medicine_804,Antiseptic,MediCare,373mg,57.03,2027-01-17,488
MED_0805,Medicine_805,Analgesic,WellLife,115mg,14.92,2027-01-17,263
MED_0806,Medicine_806,Analgesic,BioMed,423mg,97.58,2026-03-26,134
MED_0807,Medicine_807,Antiviral,PharmaCorp,351mg,30.35,2027-01-30,843
MED_0808,Medicine_808,Antiviral,PharmaCorp,229mg,37.38,2026-01-07,793
MED_0809,Medicine_809,Antibiotic,BioMed,400mg,37.35,2026-12-10,134
MED_0810,Medicine_810,Antiseptic,HealthPlus,172mg,30.74,2026-04-18,970
MED_0811,Medicine_811,Vitamin,BioMed,448mg,10.13,2026-11-22,538
MED_0812,Medicine_812,Analgesic,WellLife,229mg,75.64,2026-11-14,114
MED_0813,Medicine_813,Antibiotic,HealthPlus,279mg,97.02,2028-02-02,695
MED_0814,Medicine_814,Antibiotic,PharmaCorp,129mg,30.19,2028-02-28,712
MED_0815,Medicine_815,Analgesic,BioMed,403mg,69.67,2026-12-27,676
MED_0816,Medicine_816,Vitamin,MediCare,345mg,76.77,2028-04-22,113
MED_0817,Medicine_817,Antibiotic,MediCare,409mg,86.36,2027-03-02,392
MED_0818,Medicine_818,Antibiotic,WellLife,191mg,48.04,2028-02-10,988
MED_0819,Medicine_819,Antiseptic,MediCare,488mg,37.26,2026-05-30,924
MED_0820,Medicine_820,Vitamin,BioMed,115mg,39.28,2027-11-26,968
MED_0821,Medicine_821,Antibiotic,BioMed,226mg,74.14,2027-01-27,401
MED_0822,Medicine_822,Vitamin,MediCare,214mg,83.51,2028-03-31,207
MED_0823,Medicine_823,Analgesic,BioMed,79mg,26.35,2026-07-19,638
MED_0824,Medicine_824,Antiviral,WellLife,53mg,43.38,2028-01-04,540
MED_0825,Medicine_825,Antibiotic,HealthPlus,338mg,91.17,2027-12-22,707
MED_0826,Medicine_826,Antiseptic,WellLife,310mg,82.6,2026-04-09,904
MED_0827,Medicine_827,Analgesic,WellLife,237mg,98.64,2028-01-25,512
MED_0828,Medicine_828,Vitamin,BioMed,193mg,77.88,2026-05-14,274
MED_0829,Medicine_829,Analgesic,HealthPlus,116mg,45.39,2026-05-02,966
MED_0830,Medicine_830,Antibiotic,BioMed,93mg,63.16,2026-06-13,362
MED_0831,Medicine_831,Vitamin,PharmaCorp,347mg,69.49,2028-07-13,664
MED_0832,Medicine_832,Antiviral,BioMed,259mg,17.06,2027-06-30,968
MED_0833,Medicine_833,Analgesic,BioMed,372mg,59.0,2028-04-18,908
MED_0834,Medicine_834,Antibiotic,BioMed,450mg,73.84,2026-11-30,862
MED_0835,Medicine_835,Antiseptic,HealthPlus,30mg,25.06,2026-03-07,989
MED_0836,Medicine_836,Vitamin,BioMed,205mg,80.26,2028-08-22,515
MED_0837,Medicine_837,Analgesic,HealthPlus,187mg,62.54,2028-07-27,137
MED_0838,Medicine_838,Analgesic,MediCare,426mg,95.7,2028-01-31,932
MED_0839,Medicine_839,Antiviral,PharmaCorp,484mg,13.82,2027-09-13,352
MED_0840,Medicine_840,Antiviral,HealthPlus,16mg,33.88,2028-04-24,729
MED_0841,Medicine_841,Antiseptic,MediCare,79mg,64.14,2027-11-27,484
MED_0842,Medicine_842,Antiseptic,HealthPlus,136mg,36.69,2027-01-21,731
MED_0843,Medicine_843,Antibiotic,HealthPlus,408mg,74.3,2027-06-19,184
MED_0844,Medicine_844,Antibiotic,PharmaCorp,475mg,78.31,2026-05-14,99
MED_0845,Medicine_845,Antiseptic,WellLife,169mg,19.23,2026-05-16,481
MED_0846,Medicine_846,Antiseptic,WellLife,257mg,56.25,2027-09-18,389
MED_0847,Medicine_847,Vitamin,HealthPlus,212mg,55.8,2027-02-20,396
MED_0848,Medicine_848,Antiviral,BioMed,157mg,43.24,2026-11-09,695
MED_0849,Medicine_849,Antibiotic,MediCare,481mg,93.96,2027-04-02,396
MED_0850,Medicine_850,Antiviral,BioMed,152mg,84.48,2027-08-06,698
MED_0851,Medicine_851,Antiviral,BioMed,441mg,72.75,2028-09-17,294
MED_0852,Medicine_852,Antiseptic,HealthPlus,208mg,74.29,2028-05-31,158
MED_0853,Medicine_853,Vitamin,HealthPlus,414mg,51.55,2025-11-30,874
MED_0854,Medicine_854,Analgesic,HealthPlus,435mg,92.89,2026-09-08,848
MED_0855,Medicine_855,Vitamin,HealthPlus,163mg,72.51,2027-07-25,582
MED_0856,Medicine_856,Vitamin,WellLife,385mg,75.61,2027-02-24,139
MED_0857,Medicine_857,Antiviral,HealthPlus,393mg,87.55,2028-09-19,345
MED_0858,Medicine_858,Vitamin,WellLife,151mg,34.67,2027-08-10,161
MED_0859,Medicine_859,Antibiotic,WellLife,322mg,82.64,2026-12-05,862
MED_0860,Medicine_860,Antiviral,HealthPlus,174mg,27.57,2027-02-14,638
MED_0861,Medicine_861,Antibiotic,PharmaCorp,323mg,41.08,2028-03-08,226
MED_0862,Medicine_862,Analgesic,MediCare,30mg,40.2,2028-02-13,392
MED_0863,Medicine_863,Antiviral,BioMed,91mg,98.07,2028-07-10,709
MED_0864,Medicine_864,Analgesic,WellLife,78mg,87.09,2028-03-22,150
MED_0865,Medicine_865,Antiviral,MediCare,140mg,73.11,2028-02-11,807
MED_0866,Medicine_866,Antiseptic,PharmaCorp,96mg,75.44,2028-07-30,678
MED_0867,Medicine_867,Vitamin,BioMed,227mg,60.59,2027-01-14,653
MED_0868,Medicine_868,Antiseptic,BioMed,430mg,95.24,2027-11-20,450
MED_0869,Medicine_869,Analgesic,WellLife,481mg,54.66,2027-02-21,77
MED_0870,Medicine_870,Vitamin,HealthPlus,314mg,44.25,2026-04-23,986
MED_0871,Medicine_871,Antiviral,PharmaCorp,412mg,24.67,2027-12-23,586
MED_0872,Medicine_872,Vitamin,WellLife,380mg,80.76,2028-01-12,107
MED_0873,Medicine_873,Antibiotic,PharmaCorp,354mg,76.1,2028-07-24,547
MED_0874,Medicine_874,Vitamin,HealthPlus,350mg,44.59,2027-12-27,346
MED_0875,Medicine_875,Antibiotic,HealthPlus,393mg,12.27,2028-08-22,183
MED_0876,Medicine_876,Vitamin,WellLife,405mg,85.51,2026-02-08,380
MED_0877,Medicine_877,Antibiotic,HealthPlus,454mg,11.03,2027-07-16,298
MED_0878,Medicine_878,Analgesic,MediCare,434mg,73.33,2026-07-07,599
MED_0879,Medicine_879,Antiseptic,BioMed,170mg,97.32,2026-03-17,951
MED_0880,Medicine_880,Antiviral,WellLife,187mg,49.39,2026-08-02,990
MED_0881,Medicine_881,Vitamin,PharmaCorp,126mg,31.15,2028-03-14,124
MED_0882,Medicine_882,Antiseptic,MediCare,205mg,73.44,2027-11-08,703
MED_0883,Medicine_883,Antiviral,WellLife,392mg,83.54,2026-03-29,883
MED_0884,Medicine_884,Antiviral,HealthPlus,499mg,59.18,2028-04-26,217
MED_0885,Medicine_885,Antibiotic,HealthPlus,336mg,97.03,2025-12-24,820
MED_0886,Medicine_886,Analgesic,HealthPlus,95mg,14.65,2026-09-01,552
MED_0887,Medicine_887,Analgesic,HealthPlus,298mg,55.43,2028-06-05,934
MED_0888,Medicine_888,Antiseptic,PharmaCorp,90mg,74.66,2026-11-27,404
MED_0889,Medicine_889,Analgesic,MediCare,161mg,87.64,2027-04-03,274
MED_0890,Medicine_890,Vitamin,BioMed,70mg,26.13,2028-10-08,713
MED_0891,Medicine_891,Analgesic,PharmaCorp,70mg,82.0,2027-11-12,580
MED_0892,Medicine_892,Antiseptic,PharmaCorp,363mg,59.74,2028-09-06,195
MED_0893,Medicine_893,Analgesic,BioMed,37mg,45.69,2027-07-23,290
MED_0894,Medicine_894,Vitamin,BioMed,451mg,21.85,2026-12-04,933
MED_0895,Medicine_895,Antibiotic,HealthPlus,52mg,87.88,2027-08-25,942
MED_0896,Medicine_896,Antiseptic,PharmaCorp,178mg,24.15,2028-10-08,393
MED_0897,Medicine_897,Antibiotic,WellLife,432mg,37.88,2026-03-20,798
MED_0898,Medicine_898,Antibiotic,BioMed,95mg,36.1,2026-01-11,84
MED_0899,Medicine_899,Antibiotic,BioMed,186mg,88.43,2026-03-03,751
MED_0900,Medicine_900,Antiviral,MediCare,26mg,70.54,2027-01-03,50
MED_0901,Medicine_901,Antiviral,WellLife,107mg,81.7,2027-10-10,202
MED_0902,Medicine_902,Antibiotic,WellLife,463mg,32.54,2028-05-15,478
MED_0903,Medicine_903,Antiseptic,BioMed,207mg,66.24,2027-04-11,994
MED_0904,Medicine_904,Vitamin,HealthPlus,107mg,61.46,2028-05-06,557
MED_0905,Medicine_905,Vitamin,MediCare,74mg,84.95,2026-08-09,175
MED_0906,Medicine_906,Analgesic,WellLife,339mg,91.55,2028-03-17,540
MED_0907,Medicine_907,Antiseptic,BioMed,350mg,11.09,2026-03-25,531
MED_0908,Medicine_908,Antiviral,WellLife,14mg,70.66,2028-02-12,394
MED_0909,Medicine_909,Antibiotic,MediCare,11mg,14.67,2028-07-29,961
MED_0910,Medicine_910,Analgesic,MediCare,31mg,59.4,2026-01-17,787
MED_0911,Medicine_911,Vitamin,PharmaCorp,121mg,35.89,2028-09-08,270
MED_0912,Medicine_912,Antiviral,BioMed,66mg,37.61,2028-01-17,964
MED_0913,Medicine_913,Antiviral,MediCare,75mg,41.77,2026-07-23,968
MED_0914,Medicine_914,Antibiotic,PharmaCorp,339mg,65.92,2027-03-22,772
MED_0915,Medicine_915,Vitamin,PharmaCorp,107mg,40.06,2028-09-02,74
MED_0916,Medicine_916,Antiseptic,WellLife,153mg,75.94,2026-05-30,577
MED_0917,Medicine_917,Antiviral,WellLife,377mg,46.41,2027-09-11,231
MED_0918,Medicine_918,Antibiotic,PharmaCorp,444mg,16.15,2026-08-13,548
MED_0919,Medicine_919,Antiseptic,WellLife,134mg,80.54,2028-07-04,890
MED_0920,Medicine_920,Vitamin,MediCare,176mg,35.72,2027-03-30,690
MED_0921,Medicine_921,Antiviral,HealthPlus,95mg,48.95,2027-01-29,91
MED_0922,Medicine_922,Antiseptic,MediCare,85mg,71.69,2026-07-21,964
MED_0923,Medicine_923,Antiseptic,PharmaCorp,353mg,39.92,2026-09-24,530
MED_0924,Medicine_924,Antiseptic,PharmaCorp,433mg,15.09,2026-09-18,979
MED_0925,Medicine_925,Antiviral,MediCare,303mg,43.65,2026-02-08,897
MED_0926,Medicine_926,Antiviral,WellLife,453mg,95.0,2028-08-19,797
MED_0927,Medicine_927,Analgesic,WellLife,68mg,67.76,2027-08-28,921
MED_0928,Medicine_928,Vitamin,PharmaCorp,147mg,70.43,2028-02-29,488
MED_0929,Medicine_929,Antibiotic,BioMed,108mg,66.91,2026-09-03,451
MED_0930,Medicine_930,Antiseptic,WellLife,201mg,27.91,2027-07-08,595
MED_0931,Medicine_931,Analgesic,MediCare,252mg,47.65,2026-02-04,394
MED_0932,Medicine_932,Antibiotic,WellLife,328mg,77.58,2027-10-28,942
MED_0933,Medicine_933,Analgesic,MediCare,58mg,19.12,2027-06-22,94
MED_0934,Medicine_934,Antiviral,PharmaCorp,457mg,35.01,2028-08-20,695
MED_0935,Medicine_935,Antiseptic,WellLife,41mg,34.87,2028-05-04,70
MED_0936,Medicine_936,Antibiotic,MediCare,400mg,48.88,2025-12-06,683
MED_0937,Medicine_937,Antibiotic,PharmaCorp,286mg,98.23,2026-04-14,119
MED_0938,Medicine_938,Antibiotic,BioMed,29mg,16.08,2025-12-11,913
MED_0939,Medicine_939,Antibiotic,MediCare,163mg,56.68,2026-08-04,922
MED_0940,Medicine_940,Antibiotic,BioMed,392mg,26.14,2027-03-04,97
MED_0941,Medicine_941,Analgesic,BioMed,77mg,97.36,2026-12-05,540
MED_0942,Medicine_942,Antiseptic,HealthPlus,375mg,20.2,2028-08-01,600
MED_0943,Medicine_943,Antiviral,WellLife,381mg,46.32,2027-04-28,336
MED_0944,Medicine_944,Antiviral,MediCare,223mg,76.41,2026-02-22,59
MED_0945,Medicine_945,Antiviral,BioMed,152mg,73.41,2027-11-14,591
MED_0946,Medicine_946,Antiviral,HealthPlus,385mg,48.05,2028-02-06,805
MED_0947,Medicine_947,Analgesic,PharmaCorp,241mg,41.19,2028-01-29,323
MED_0948,Medicine_948,Vitamin,MediCare,222mg,45.79,2027-08-16,649
MED_0949,Medicine_949,Antiseptic,BioMed,88mg,33.78,2026-02-08,805
MED_0950,Medicine_950,Antibiotic,WellLife,223mg,28.48,2028-06-07,430
MED_0951,Medicine_951,Vitamin,HealthPlus,125mg,53.47,2026-12-29,378
MED_0952,Medicine_952,Antiviral,BioMed,101mg,34.17,2028-07-21,528
MED_0953,Medicine_953,Vitamin,WellLife,279mg,35.87,2028-01-30,64
MED_0954,Medicine_954,Antiseptic,BioMed,420mg,69.11,2026-06-07,565
MED_0955,Medicine_955,Antibiotic,MediCare,390mg,97.17,2026-07-10,240
MED_0956,Medicine_956,Antibiotic,MediCare,498mg,64.33,2027-02-28,217
MED_0957,Medicine_957,Antiseptic,MediCare,177mg,16.93,2027-08-04,570
MED_0958,Medicine_958,Antiseptic,HealthPlus,67mg,16.8,2028-10-04,670
MED_0959,Medicine_959,Antiviral,MediCare,293mg,95.63,2026-01-27,186
MED_0960,Medicine_960,Antibiotic,WellLife,35mg,36.76,2026-05-08,203
MED_0961,Medicine_961,Vitamin,BioMed,378mg,18.29,2025-12-21,437
MED_0962,Medicine_962,Analgesic,PharmaCorp,456mg,63.91,2028-09-01,258
MED_0963,Medicine_963,Analgesic,WellLife,75mg,66.13,2026-09-05,321
MED_0964,Medicine_964,Antiseptic,WellLife,418mg,68.37,2026-09-01,192
MED_0965,Medicine_965,Antiviral,MediCare,257mg,34.07,2028-03-11,660
MED_0966,Medicine_966,Analgesic,HealthPlus,263mg,11.36,2028-03-04,938
MED_0967,Medicine_967,Antibiotic,BioMed,396mg,96.85,2028-05-30,869
MED_0968,Medicine_968,Antiseptic,HealthPlus,465mg,32.58,2026-07-06,118
MED_0969,Medicine_969,Vitamin,BioMed,53mg,70.84,2028-01-17,296
MED_0970,Medicine_970,Antiseptic,BioMed,106mg,73.6,2028-07-16,310
MED_0971,Medicine_971,Vitamin,HealthPlus,51mg,64.9,2028-07-01,837
MED_0972,Medicine_972,Antiseptic,WellLife,236mg,38.16,2028-10-13,128
MED_0973,Medicine_973,Antiseptic,BioMed,271mg,34.4,2026-01-08,707
MED_0974,Medicine_974,Antiseptic,HealthPlus,176mg,63.79,2027-03-10,672
MED_0975,Medicine_975,Vitamin,BioMed,445mg,87.95,2025-12-28,819
MED_0976,Medicine_976,Vitamin,PharmaCorp,288mg,95.21,2027-09-08,654
MED_0977,Medicine_977,Antiseptic,WellLife,98mg,19.53,2028-03-03,574
MED_0978,Medicine_978,Analgesic,MediCare,388mg,23.93,2026-07-03,821
MED_0979,Medicine_979,Antiviral,BioMed,187mg,95.03,2027-05-12,987
MED_0980,Medicine_980,Antiviral,PharmaCorp,436mg,76.29,2027-10-17,670
MED_0981,Medicine_981,Antiviral,MediCare,412mg,89.47,2028-06-13,379
MED_0982,Medicine_982,Vitamin,MediCare,206mg,28.24,2028-03-14,238
MED_0983,Medicine_983,Vitamin,BioMed,316mg,62.88,2028-08-31,144
MED_0984,Medicine_984,Analgesic,HealthPlus,276mg,73.1,2027-06-29,666
MED_0985,Medicine_985,Antiviral,BioMed,277mg,71.21,2026-07-21,57
MED_0986,Medicine_986,Antiviral,PharmaCorp,83mg,46.73,2027-02-08,116
MED_0987,Medicine_987,Antiseptic,MediCare,17mg,11.39,2026-04-21,545
MED_0988,Medicine_988,Vitamin,BioMed,417mg,62.46,2028-09-22,240
MED_0989,Medicine_989,Antiviral,HealthPlus,485mg,32.78,2026-12-17,415
MED_0990,Medicine_990,Analgesic,BioMed,306mg,50.52,2028-05-28,817
MED_0991,Medicine_991,Analgesic,WellLife,173mg,96.18,2027-08-24,570
MED_0992,Medicine_992,Antiviral,HealthPlus,494mg,45.91,2026-08-29,166
MED_0993,Medicine_993,Vitamin,PharmaCorp,94mg,85.58,2028-08-09,316
MED_0994,Medicine_994,Analgesic,MediCare,81mg,26.97,2027-07-06,660
MED_0995,Medicine_995,Antiseptic,BioMed,64mg,70.52,2027-09-04,534
MED_0996,Medicine_996,Analgesic,HealthPlus,402mg,97.93,2027-08-04,558
MED_0997,Medicine_997,Antibiotic,WellLife,56mg,19.17,2026-04-08,347
MED_0998,Medicine_998,Antibiotic,HealthPlus,408mg,10.75,2027-06-27,958
MED_0999,Medicine_999,Vitamin,WellLife,441mg,49.02,2027-03-29,213
MED_1000,Medicine_1000,Antiviral,PharmaCorp,247mg,18.34,2027-03-17,425
